time/iterations,time/time_elapsed,time/total_timesteps,time/fps,rollout/ep_len_mean,rollout/ep_rew_mean,train/value_loss,train/entropy_loss,train/learning_rate,train/loss,train/explained_variance,train/policy_gradient_loss,train/clip_range,train/clip_fraction,train/n_updates,train/approx_kl,eval/mean_ep_length,eval/mean_reward
1,0,2048,2973,911.0,736.11279296875,,,,,,,,,,,,
2,2,4096,1719,820.75,740.7833251953125,597.0931961536407,-1.3859023343771697,0.00025,182.3917694091797,0.00078231096,-0.0010142970233573579,0.2,0.0,10,0.0010795885,,
3,4,6144,1521,786.8333333333334,590.416015625,417.60223627090454,-1.3845884580165149,0.00025,130.01393127441406,0.27132732,-0.00036986221093684437,0.2,0.0,20,0.00017835849,,
4,5,8192,1432,1011.625,473.5184020996094,26.636588409543037,-1.382878689840436,0.00025,7.876571178436279,0.050747573,-0.00581829539150931,0.2,0.017236328125,30,0.0067847343,,
5,7,10240,1387,966.9,449.77069091796875,103.08380459547043,-1.3810470603406428,0.00025,16.20018768310547,0.38471925,-0.0005685803364031017,0.2,0.0,40,0.00059182954,,
6,9,12288,1355,995.4166666666666,387.0504455566406,183.71465826034546,-1.3845471732318402,0.00025,67.88687896728516,0.58476394,-0.0005860254415892996,0.2,0.0,50,0.00021715497,,
7,10,14336,1334,995.4166666666666,387.0504455566406,43.97722817212343,-1.3840910397469997,0.00025,11.180987358093262,0.70604026,-0.0006739518204994966,0.2,0.0,60,0.0004788402,,
8,12,16384,1318,1149.6153846153845,368.75091552734375,10.4885867677629,-1.3805654369294644,0.00025,2.9216487407684326,0.21914428,-0.0042890937063930325,0.2,0.016943359375,70,0.0044932063,,
9,14,18432,1305,1281.7857142857142,470.5999450683594,180.45449999570846,-1.3805354580283165,0.00025,70.51716613769531,0.5932712,-0.0010173003087402322,0.2,0.0,80,0.0006271965,,
10,15,20480,1294,1281.7857142857142,470.5999450683594,187.36076254844664,-1.381768485531211,0.00025,77.14031982421875,0.8172079,-0.0006008981217746623,0.2,0.0,90,0.00044888165,,
11,17,22528,1285,1371.1875,517.05126953125,173.0149557352066,-1.3833282150328159,0.00025,87.70381927490234,0.49296606,-0.0015495155719690956,0.2,0.0,100,0.001977989,,
12,19,24576,1280,1371.1875,517.05126953125,146.3595395207405,-1.3788176454603671,0.00025,91.33134460449219,0.45664114,-0.0020086695076315664,0.2,0.0,110,0.0012301471,,
,,25000,,,,26.97436733841896,-1.375831028074026,0.00025,7.8192620277404785,0.52419746,-0.004854010116105201,0.2,0.026513671875,120,0.010347503,3000.0,387.1910705566406
13,27,26624,970,1391.578947368421,511.7283020019531,,,,,,,,,,,,
14,29,28672,985,1391.578947368421,511.7283020019531,248.8980491876602,-1.369665576890111,0.00025,84.7948989868164,0.7416925,-0.0007340101947193034,0.2,0.0,130,0.0004489218,,
15,30,30720,999,1472.0,521.6844482421875,81.9073444724083,-1.379493658617139,0.00025,32.365318298339844,-0.61868656,-0.0015650992922019214,0.2,0.0,140,0.0014747352,,
16,32,32768,1013,1477.8636363636363,540.871337890625,151.0668370962143,-1.3794540118426084,0.00025,32.298439025878906,0.72596246,-0.002606436173664406,0.2,0.0,150,0.0028010923,,
17,33,34816,1024,1477.8636363636363,540.871337890625,282.569283747673,-1.3778501063585282,0.00025,74.27023315429688,0.7304505,-0.0007940192226669751,0.2,0.0,160,0.00079837674,,
18,35,36864,1036,1456.52,595.7040405273438,319.2720767498016,-1.3772845357656478,0.00025,67.51309967041016,0.22801512,-0.0016722152096917853,0.2,0.0,170,0.0015548845,,
19,37,38912,1047,1456.52,595.7040405273438,516.3780088424683,-1.3760095357894897,0.00025,489.3389892578125,0.54490983,-0.000768741661158856,0.2,0.0,180,0.0006225619,,
20,38,40960,1057,1515.8846153846155,578.0668334960938,18.139586898684502,-1.3751726690679789,0.00025,2.985583782196045,0.27317327,-0.004228417830017861,0.2,0.02158203125,190,0.009743194,,
21,40,43008,1065,1570.851851851852,586.3359375,222.64124788045882,-1.3708154652267694,0.00025,58.13129425048828,0.6085913,-0.0015124505225685425,0.2,0.0,200,0.00135384,,
22,42,45056,1072,1570.851851851852,586.3359375,60.02495702803135,-1.3755215264856815,0.00025,22.24036979675293,0.8633125,-0.003614699899480911,0.2,0.000244140625,210,0.0035151024,,
23,43,47104,1079,1621.892857142857,593.056640625,51.96926810145378,-1.356649189069867,0.00025,9.55721664428711,0.7294259,-0.004810449312572018,0.2,0.0443359375,220,0.008811135,,
24,45,49152,1085,1669.4137931034484,651.8751220703125,397.8174040079117,-1.361136231571436,0.00025,180.36557006835938,0.7447994,-0.0010299941903213039,0.2,0.0,230,0.00076406443,,
,,50000,,,,65.47646726071835,-1.3601331982761622,0.00025,30.233699798583984,0.75411963,-0.007641734836215619,0.2,0.089794921875,240,0.013952788,1544.0,86.05294036865234
25,50,51200,1020,1609.774193548387,635.8064575195312,,,,,,,,,,,,
26,51,53248,1028,1653.21875,640.548583984375,280.5218125104904,-1.3675698224455117,0.00025,101.18923950195312,0.72867703,-0.003381385236571077,0.2,0.00478515625,250,0.0051911166,,
27,53,55296,1034,1653.21875,640.548583984375,157.12940829992294,-1.3717647466808558,0.00025,87.31297302246094,0.6220056,-0.001876559557422297,0.2,0.0,260,0.0036038195,,
28,55,57344,1040,1641.8235294117646,680.6652221679688,404.4479051589966,-1.3649216171354055,0.00025,146.02090454101562,0.7532984,-0.0030780157845583743,0.2,0.005029296875,270,0.004640674,,
29,56,59392,1046,1680.6285714285714,682.97021484375,188.77837572097778,-1.36401161365211,0.00025,77.38434600830078,0.89728034,-0.006114335339225363,0.2,0.032373046875,280,0.00742113,,
30,58,61440,1052,1680.6285714285714,682.97021484375,27.023888114094735,-1.3606335114687682,0.00025,6.48798131942749,0.833593,-0.009953706996748224,0.2,0.10751953125,290,0.013779582,,
31,59,63488,1058,1542.2439024390244,589.0640258789062,36.987456274032596,-1.3641225047409535,0.00025,9.319622039794922,0.6929503,-0.015593098435056163,0.2,0.164404296875,300,0.011457729,,
32,61,65536,1063,1331.3673469387754,513.7298583984375,433.74100065231323,-1.3472694989293814,0.00025,210.839599609375,0.12500685,-0.00417892979021417,0.2,0.004931640625,310,0.008202018,,
33,63,67584,1068,1185.3333333333333,453.5033264160156,620.7576685905457,-1.3199182521551847,0.00025,189.8623046875,0.67884207,-0.0020965216579497794,0.2,0.0,320,0.002602345,,
34,64,69632,1072,1156.8474576271187,439.9356994628906,444.44094200134276,-1.3472372055053712,0.00025,133.26747131347656,0.6537539,-0.004085207582102157,0.2,0.02275390625,330,0.007958621,,
35,66,71680,1076,1187.5666666666666,456.0985412597656,291.32429735660554,-1.3721807274967432,0.00025,189.66220092773438,0.6356401,-0.008602644810162019,0.2,0.051123046875,340,0.013822755,,
36,68,73728,1080,1201.27868852459,480.3158264160156,237.5996949672699,-1.3648670453578233,0.00025,74.06585693359375,0.76667863,-0.0052722460874065295,0.2,0.034423828125,350,0.0070590377,,
,,75000,,,,387.3091119527817,-1.3657270330935716,0.00025,148.962890625,0.49093848,-0.005316422613395844,0.2,0.032958984375,360,0.0071509597,1830.2,460.3531799316406
37,73,75776,1026,1196.095238095238,516.5039672851562,,,,,,,,,,,,
38,75,77824,1031,1196.095238095238,516.5039672851562,553.0782454967499,-1.3597672805190086,0.00025,178.06092834472656,0.7312547,-0.0025213148328475654,0.2,0.000537109375,370,0.0031471958,,
39,77,79872,1035,1224.28125,510.11822509765625,78.88548943400383,-1.3510460834950209,0.00025,22.333574295043945,-0.29662442,-0.004636491690325784,0.2,0.023046875,380,0.011274602,,
40,78,81920,1040,1251.6,506.22625732421875,61.60190171599388,-1.3588031619787215,0.00025,11.017024993896484,0.41391975,-0.0026200595137197526,0.2,0.001513671875,390,0.0008995315,,
41,80,83968,1044,1251.6,506.22625732421875,44.928628605604175,-1.349299968034029,0.00025,8.874107360839844,0.24119323,-0.004478774056224211,0.2,0.003662109375,400,0.0033882274,,
42,82,86016,1047,1258.3382352941176,510.95025634765625,34.11293260753155,-1.3193908669054508,0.00025,5.80283784866333,-0.2325089,-0.007358238070446532,0.2,0.09892578125,410,0.008560218,,
43,83,88064,1051,1257.7571428571428,538.2587890625,338.8756278991699,-1.3466364480555058,0.00025,68.7975082397461,0.64889896,-0.0008353760254976806,0.2,0.0,420,0.00209684,,
44,85,90112,1054,1234.5972222222222,525.0382080078125,381.626033949852,-1.3582505255937576,0.00025,105.10228729248047,0.6211338,-0.00097262912458973,0.2,0.0,430,0.0004851224,,
45,87,92160,1057,1240.6712328767123,529.2027587890625,156.97531920671463,-1.3456535391509532,0.00025,51.66937255859375,0.50586224,-0.0036883450964523947,0.2,0.006396484375,440,0.0074654547,,
46,88,94208,1060,1257.2432432432433,568.283447265625,486.57924098968505,-1.356035890057683,0.00025,292.099609375,0.81063426,-0.0005917694928939454,0.2,0.0,450,0.0002916869,,
47,90,96256,1063,1280.48,565.3572998046875,198.6401277422905,-1.3599842987954616,0.00025,85.6124267578125,0.7966279,-0.003526368014718173,0.2,0.001025390625,460,0.003908853,,
48,92,98304,1066,1271.671052631579,561.70947265625,39.01405067741871,-1.3552492488175631,0.00025,10.854696273803711,0.8902924,-0.009475723208015551,0.2,0.09755859375,470,0.01415341,,
,,100000,,,,630.6476684570313,-1.3641559910029173,0.00025,135.55247497558594,0.8100938,-0.0005674731059116311,0.2,0.0,480,0.000408027,2471.2,263.86614990234375
49,99,100352,1013,1294.1168831168832,589.1448364257812,,,,,,,,,,,,
50,100,102400,1017,1277.0625,622.201904296875,247.4904574394226,-1.3693294178694486,0.00025,66.19286346435547,0.6875095,-0.006801770404126728,0.2,0.0302734375,490,0.008285852,,
51,102,104448,1021,1268.0740740740741,623.6828002929688,830.2504004001618,-1.3639298025518656,0.00025,158.74313354492188,0.6719767,-0.0017207161887199617,0.2,0.0,500,0.0023264256,,
52,103,106496,1025,1289.1951219512196,621.552490234375,259.39839055538175,-1.3700433105230332,0.00025,38.34797286987305,0.13564545,-0.010521981368947308,0.2,0.078955078125,510,0.009676261,,
53,105,108544,1028,1291.9397590361446,615.90966796875,159.21874128580095,-1.3789820905774832,0.00025,31.749160766601562,0.7056869,-0.0024757292325375603,0.2,0.0,520,0.0034630117,,
54,107,110592,1032,1292.2,622.8348999023438,273.38012223243715,-1.3754883587360383,0.00025,42.20938491821289,0.843688,-0.002496492554200813,0.2,0.002783203125,530,0.0042958525,,
55,108,112640,1035,1291.0581395348838,618.6578369140625,508.5936011314392,-1.3755926437675954,0.00025,99.31025695800781,0.7216112,-0.0008089092814770992,0.2,0.0,540,0.00082137523,,
56,110,114688,1038,1310.7011494252874,617.769287109375,219.03131638765336,-1.3781069118529559,0.00025,51.79948043823242,0.71753395,-0.0008517830734490417,0.2,0.0,550,0.0010878907,,
57,112,116736,1041,1254.4301075268818,590.490234375,60.7874906629324,-1.3811847928911447,0.00025,10.610270500183105,0.76643336,-0.0031708812923170624,0.2,0.004052734375,560,0.0032025098,,
58,113,118784,1045,1254.4301075268818,590.490234375,496.76551871299745,-1.338593263551593,0.00025,204.60446166992188,0.67601943,-0.0019277344719739631,0.2,0.005078125,570,0.004734199,,
59,115,120832,1048,1268.957894736842,582.33349609375,74.94565442800521,-1.3685560308396816,0.00025,14.755071640014648,0.794487,-0.008318384054291528,0.2,0.0775390625,580,0.007830072,,
60,116,122880,1051,1253.8144329896907,586.3958740234375,148.12255889177322,-1.3662836857140064,0.00025,25.672649383544922,0.7477499,-0.004457051317149308,0.2,0.023681640625,590,0.006418277,,
61,118,124928,1054,1271.6326530612246,600.7483520507812,269.9984835386276,-1.360917702689767,0.00025,58.4422492980957,0.75426584,-0.0020633558866393286,0.2,0.0,600,0.0019290834,,
,,125000,,,,356.9532557487488,-1.3694793857634067,0.00025,127.81440734863281,0.62382436,-0.0023817970090021846,0.2,0.0,610,0.0026618373,2712.8,84.58531188964844
62,125,126976,1010,1266.86,608.1544799804688,,,,,,,,,,,,
63,127,129024,1013,1268.19,622.1162109375,435.58744192123413,-1.363850950077176,0.00025,176.84356689453125,0.7202869,-0.0027891353813174645,0.2,0.0001953125,620,0.0036338544,,
64,128,131072,1016,1268.19,622.1162109375,746.8736672878265,-1.360236094519496,0.00025,113.19514465332031,0.6601434,-0.0009977890877053142,0.2,0.0,630,0.00063910964,,
65,130,133120,1019,1291.86,639.1140747070312,395.4264795780182,-1.367952473461628,0.00025,74.68213653564453,0.68211025,-0.00257207237300463,0.2,0.004150390625,640,0.0032967723,,
66,132,135168,1022,1312.52,641.075927734375,527.9301947593689,-1.3645047638565302,0.00025,182.6260986328125,0.68279517,-0.0034118801551812792,0.2,0.009716796875,650,0.0058701737,,
67,133,137216,1025,1312.52,641.075927734375,201.31605435609816,-1.3585657682269812,0.00025,54.210227966308594,0.7224388,-0.007052660010231193,0.2,0.057421875,660,0.0058976226,,
68,135,139264,1028,1330.7,643.746826171875,19.405315965414047,-1.3526936914771794,0.00025,4.074089050292969,-0.32162166,-0.014968969421897783,0.2,0.126513671875,670,0.012181851,,
69,137,141312,1030,1335.43,643.988525390625,194.21469761133193,-1.3649735730141401,0.00025,43.33454513549805,0.49247527,-0.004525166664097924,0.2,0.051416015625,680,0.007838921,,
70,138,143360,1033,1347.85,646.3847045898438,216.5395711451769,-1.3698468390852212,0.00025,61.29196548461914,-0.5441469,-0.003336143575143069,0.2,0.025244140625,690,0.007175533,,
71,140,145408,1035,1333.66,644.6781005859375,392.60698046684263,-1.3619027316570282,0.00025,127.4727783203125,0.55584687,-0.0013794908154523,0.2,0.0,700,0.0008054137,,
72,142,147456,1037,1353.52,649.4358520507812,338.07181681394576,-1.3598828621208667,0.00025,110.58912658691406,0.7346449,-0.00548017545734183,0.2,0.039208984375,710,0.0073291636,,
73,143,149504,1040,1343.13,663.1197509765625,200.94933862686156,-1.3651148051023483,0.00025,107.49296569824219,0.7420416,-0.003529408019676339,0.2,0.0,720,0.0050351527,,
,,150000,,,,429.71374955177305,-1.3580571033060551,0.00025,120.78307342529297,0.78369385,-0.0022966845899645705,0.2,0.004248046875,730,0.0044996124,2706.8,31.00570297241211
74,151,151552,1002,1297.71,641.592041015625,,,,,,,,,,,,
75,152,153600,1005,1297.71,641.592041015625,349.87518491744993,-1.3651144668459891,0.00025,252.64752197265625,0.76608264,-0.0014883354095218237,0.2,0.0,740,0.001098288,,
76,154,155648,1008,1317.77,649.7962646484375,135.24817905426025,-1.3580695688724518,0.00025,52.04634094238281,0.8799813,-0.006187706417404115,0.2,0.038818359375,750,0.0089933295,,
77,155,157696,1011,1321.38,672.0270385742188,349.68205320835114,-1.3534691769629716,0.00025,164.6591796875,0.8422997,-0.0013887419612728991,0.2,0.0,760,0.0022700012,,
78,157,159744,1013,1335.59,680.559326171875,304.68848369121554,-1.3620485275983811,0.00025,80.75128936767578,0.74709255,-0.001292903236026177,0.2,0.0,770,0.0017512089,,
79,159,161792,1016,1346.9,686.7330322265625,425.5608476638794,-1.360484044626355,0.00025,234.19268798828125,0.77409136,-0.011270057181536685,0.2,0.077197265625,780,0.008649427,,
80,160,163840,1018,1327.4,686.5570068359375,519.9781560897827,-1.3709724947810173,0.00025,191.9417266845703,0.61331904,-0.003626579731644597,0.2,0.003125,790,0.0054102307,,
81,162,165888,1021,1331.03,698.615966796875,309.85239284038545,-1.354565717279911,0.00025,33.89168167114258,0.5777514,-0.0025195353675371733,0.2,0.003515625,800,0.005683344,,
82,164,167936,1023,1337.11,702.340087890625,263.5456741333008,-1.3559508480131626,0.00025,56.587039947509766,0.79768074,-0.0009252747739083133,0.2,0.0,810,0.0003323419,,
83,165,169984,1026,1342.49,713.1624755859375,530.8392943382263,-1.3583888839930296,0.00025,168.00543212890625,0.8311291,-0.002461157616926357,0.2,0.0,820,0.0018216635,,
84,167,172032,1028,1352.74,712.7694702148438,256.905215215683,-1.362285678461194,0.00025,109.2761459350586,0.8644495,-0.0033788466505939143,0.2,0.00390625,830,0.0060904277,,
85,168,174080,1030,1312.55,738.6751708984375,407.18602910041807,-1.3691193509846926,0.00025,94.66735076904297,0.6141063,-0.0016424549699877388,0.2,0.00029296875,840,0.0025418536,,
,,175000,,,,878.0734798431397,-1.3667818617075682,0.00025,393.55377197265625,0.7860966,-0.0026954334069159815,0.2,0.0,850,0.0034044771,2786.8,438.511474609375
86,176,176128,998,1306.91,738.1004638671875,,,,,,,,,,,,
87,178,178176,1000,1306.91,738.1004638671875,271.79799124002454,-1.3737515885382892,0.00025,50.41952896118164,0.691739,-0.0069044872667291205,0.2,0.032568359375,860,0.012260599,,
88,179,180224,1003,1297.65,728.4993896484375,176.3863266915083,-1.352004861459136,0.00025,50.462677001953125,-1.3805926,-0.003765325984568335,0.2,0.03115234375,870,0.008529311,,
89,181,182272,1005,1318.27,725.7263793945312,594.359178686142,-1.3605534508824348,0.00025,146.6649627685547,0.81433976,-0.002691491197037976,0.2,4.8828125e-05,880,0.0022831908,,
90,182,184320,1007,1286.16,731.585205078125,237.28810740709304,-1.3676037222146988,0.00025,57.142425537109375,0.44088525,-0.002181469387141988,0.2,0.001025390625,890,0.003720382,,
91,184,186368,1009,1286.16,731.585205078125,757.2794567108155,-1.3482407540082932,0.00025,188.95669555664062,0.6502663,-0.0018420928543491754,0.2,9.765625e-05,900,0.0024718125,,
92,186,188416,1012,1284.99,728.126953125,142.31513680815698,-1.3501757103949785,0.00025,33.71257781982422,0.5530244,-0.0021552302554482595,0.2,0.000244140625,910,0.0041525885,,
93,187,190464,1014,1284.99,733.8504638671875,260.09676294326783,-1.3609695475548507,0.00025,81.17227935791016,0.8509208,-0.005012465236359276,0.2,0.023486328125,920,0.00395429,,
94,189,192512,1016,1284.99,733.8504638671875,40.96521097123623,-1.3708433158695699,0.00025,8.492690086364746,0.888621,-0.005255888489045901,0.2,0.03134765625,930,0.00872579,,
95,191,194560,1017,1313.27,735.7957763671875,24.308256120979784,-1.346365936845541,0.00025,4.481029987335205,-1.6207166,-0.011950710677047028,0.2,0.106396484375,940,0.008910944,,
96,192,196608,1019,1323.39,758.0242919921875,243.67589823007583,-1.3623876255005598,0.00025,42.101566314697266,0.78781116,-0.0011851734634547029,0.2,0.0,950,0.001148894,,
97,194,198656,1021,1351.23,764.899658203125,315.389306306839,-1.3635243043303489,0.00025,69.66349792480469,0.40020233,-0.0018975955834321212,0.2,0.004052734375,960,0.0047341343,,
,,200000,,,,149.48211708068848,-1.3644086536020041,0.00025,30.618183135986328,0.061644793,-0.0019321550986205692,0.2,0.0005859375,970,0.0023787848,2180.1,152.22853088378906
98,201,200704,998,1351.23,764.899658203125,,,,,,,,,,,,
99,202,202752,1000,1380.05,773.1105346679688,269.4103053331375,-1.3483759500086308,0.00025,87.03247833251953,0.65913904,-0.013636385279824026,0.2,0.119873046875,980,0.009887369,,
100,204,204800,1001,1396.56,787.2432861328125,212.31599122285843,-1.3597042854875325,0.00025,63.93698501586914,0.7568965,-0.007196071262296755,0.2,0.047314453125,990,0.008431093,,
101,206,206848,1003,1425.24,795.5181884765625,212.63488793373108,-1.355804266780615,0.00025,47.30814743041992,0.84976023,-0.004513991928979522,0.2,0.027197265625,1000,0.0075586494,,
102,207,208896,1005,1425.24,795.5181884765625,222.08620973825455,-1.3660160332918168,0.00025,48.04103088378906,0.5939145,-0.004061764891230268,0.2,0.004150390625,1010,0.006290909,,
103,209,210944,1007,1464.36,805.624755859375,32.15326609313488,-1.3585907183587551,0.00025,7.4305243492126465,0.4483472,-0.017146723814948927,0.2,0.16240234375,1020,0.008308346,,
104,211,212992,1009,1473.83,814.4057006835938,273.9533921599388,-1.363194514811039,0.00025,90.30792236328125,0.6491835,-0.0011757295971619897,0.2,0.0,1030,0.0019500972,,
105,212,215040,1010,1487.37,817.26416015625,318.9237362384796,-1.3573044348508119,0.00025,96.6180191040039,0.7612344,-0.00084733175317524,0.2,0.0,1040,0.0011087838,,
106,214,217088,1012,1513.0,830.49169921875,496.59706606864927,-1.3482136320322753,0.00025,107.23489379882812,0.27721477,-0.004534598941972945,0.2,0.019873046875,1050,0.005474055,,
107,216,219136,1014,1516.07,831.385986328125,109.34256808757782,-1.363773012533784,0.00025,12.4022216796875,0.8232676,-0.00518384419629001,0.2,0.035986328125,1060,0.0063940194,,
108,217,221184,1015,1544.33,831.433837890625,91.92558825016022,-1.3574491627514362,0.00025,14.868112564086914,0.637506,-0.01171954253950389,0.2,0.122265625,1070,0.014133732,,
109,219,223232,1017,1558.78,860.55078125,165.18746864795685,-1.3611115634441375,0.00025,36.374080657958984,0.5229703,-0.005416336706548464,0.2,0.04453125,1080,0.012600478,,
,,225000,,,,296.1708347082138,-1.3610445223748684,0.00025,48.0988883972168,0.5973095,-0.003396506492572371,0.2,0.00908203125,1090,0.005367432,2465.0,37.8912239074707
110,226,225280,993,1558.78,860.55078125,,,,,,,,,,,,
111,228,227328,994,1590.72,864.942626953125,15.552237052470446,-1.363348875939846,0.00025,3.0521156787872314,-4.688854,-0.0030749480123631657,0.2,0.016455078125,1100,0.006556575,,
112,230,229376,996,1613.93,870.9595947265625,262.97641644477847,-1.3647295746952295,0.00025,96.749267578125,0.7595414,-0.0021841678375494667,0.2,0.0,1110,0.0024139695,,
113,231,231424,998,1613.93,870.9595947265625,14.383679237961768,-1.3707110498100519,0.00025,3.3329901695251465,-0.41665888,-0.009272182974382304,0.2,0.05693359375,1120,0.012869666,,
114,233,233472,999,1620.83,867.1033325195312,11.49402181059122,-1.35038337148726,0.00025,1.8776335716247559,-1.1184134,-0.008204662376374471,0.2,0.086328125,1130,0.011718795,,
115,235,235520,1000,1595.47,839.685791015625,224.82393676042557,-1.3634823750704528,0.00025,62.81217575073242,0.6437799,-0.0003832287111436017,0.2,0.0,1140,0.0003690569,,
116,236,237568,1002,1559.9,859.2642211914062,520.0632513523102,-1.3540189694613218,0.00025,124.68903350830078,0.6380282,-0.0013859685510396957,0.2,0.0,1150,0.0011590393,,
117,238,239616,1003,1537.14,864.5778198242188,400.75709149837496,-1.3567779220640659,0.00025,107.12956237792969,0.35358393,-0.0017213383041962515,0.2,0.0,1160,0.0018246993,,
118,240,241664,1003,1551.87,866.8638916015625,300.66050651073454,-1.3629999533295631,0.00025,66.20797729492188,0.6881814,-0.002014376936131157,0.2,0.0021484375,1170,0.005581224,,
119,242,243712,1003,1551.87,866.8638916015625,175.2432619214058,-1.3580468125641345,0.00025,30.313247680664062,0.78662324,-0.004645722246641526,0.2,0.00048828125,1180,0.005791746,,
120,244,245760,1003,1562.24,852.8566284179688,27.620992627739906,-1.3725390870124101,0.00025,10.120235443115234,-1.2747483,-0.003520617031608708,0.2,0.057275390625,1190,0.011291857,,
121,246,247808,1004,1581.56,867.7723388671875,486.90132501125333,-1.3455007117241622,0.00025,143.59124755859375,0.5771476,-0.002217990669305436,0.2,0.0001953125,1200,0.002282139,,
122,248,249856,1004,1589.52,881.6743774414062,248.96284699440002,-1.3520636435598135,0.00025,69.2878189086914,0.7306764,-0.0033257948205573486,0.2,0.0,1210,0.0043759756,,
,,250000,,,,349.7600331783295,-1.3393012695014477,0.00025,88.61170959472656,0.7730706,-0.0012748631022986956,0.2,0.0,1220,0.00045748742,2725.2,290.49761962890625
123,256,251904,980,1589.52,881.6743774414062,,,,,,,,,,,,
124,258,253952,981,1594.85,859.57275390625,150.96525591015816,-1.340780784189701,0.00025,26.416824340820312,0.6916982,-0.0022144061149447225,0.2,0.032421875,1230,0.003861489,,
125,260,256000,981,1583.0,864.658935546875,87.4700806170702,-1.360771718621254,0.00025,14.80213451385498,0.562546,-0.0016375230836274568,0.2,0.001513671875,1240,0.003658717,,
126,262,258048,982,1606.89,870.8712768554688,388.0246745586395,-1.3427106238901616,0.00025,96.8354721069336,0.8000254,-0.000720634612662252,0.2,0.0,1250,0.0008606454,,
127,264,260096,983,1587.37,828.31982421875,228.91244517564775,-1.3479117192327976,0.00025,74.880615234375,0.7312435,-0.004169612279656576,0.2,0.031005859375,1260,0.0076997885,,
128,266,262144,983,1587.37,828.31982421875,309.4143585085869,-1.368770967423916,0.00025,57.82080078125,0.5906902,-0.004634889194130664,0.2,0.013330078125,1270,0.005309197,,
129,268,264192,984,1607.33,814.3760375976562,136.93596531152724,-1.363767384365201,0.00025,50.09923553466797,0.68719876,-0.01571129195654066,0.2,0.155712890625,1280,0.010129382,,
130,270,266240,984,1631.84,810.9503784179688,243.5945770740509,-1.36982378102839,0.00025,46.40373229980469,0.69668293,-0.0017178519898152444,0.2,0.0,1290,0.0013916448,,
131,272,268288,985,1607.99,813.186279296875,63.517214354872706,-1.3604234799742698,0.00025,7.739821434020996,0.94744086,-0.011264708130329381,0.2,0.1814453125,1300,0.014072967,,
132,274,270336,985,1622.82,811.1001586914062,136.08596667647362,-1.3620399553328753,0.00025,15.231322288513184,0.5092008,-0.0029702046886086464,0.2,0.01240234375,1310,0.0049357046,,
133,276,272384,986,1620.02,814.4536743164062,92.7862309485674,-1.3535414848476648,0.00025,15.949594497680664,0.57724905,-0.003276309490320273,0.2,0.00029296875,1320,0.0025466734,,
134,278,274432,986,1643.17,805.2589111328125,90.73804675638675,-1.3607339527457953,0.00025,28.671939849853516,0.6639861,-0.005325959609035635,0.2,0.026904296875,1330,0.005005305,,
,,275000,,,,46.586787533760074,-1.3608028970658779,0.00025,7.496191501617432,0.7099613,-0.0028493992205767425,0.2,0.024951171875,1340,0.0048668133,2304.5,350.2552490234375
135,285,276480,970,1643.17,805.2589111328125,,,,,,,,,,,,
136,287,278528,970,1661.23,805.71337890625,49.52058722376823,-1.3288491800427438,0.00025,15.287849426269531,-0.1650089,-0.01428553072764771,0.2,0.218359375,1350,0.013549017,,
137,288,280576,971,1661.23,800.3987426757812,44.969591522216795,-1.3336082372814417,0.00025,13.272753715515137,0.7590883,-0.021410072295111604,0.2,0.197265625,1360,0.0175144,,
138,290,282624,971,1663.11,812.1021728515625,63.90079960823059,-1.322760194912553,0.00025,9.655683517456055,0.42128742,-0.010750668549735564,0.2,0.095654296875,1370,0.011784319,,
139,292,284672,972,1663.11,812.1021728515625,324.62355678081514,-1.3061170443892478,0.00025,103.38438415527344,0.58554924,-0.0024099585905787537,0.2,0.010498046875,1380,0.0059246235,,
140,294,286720,972,1689.8,811.8858032226562,12.525258626788855,-1.371851686015725,0.00025,3.2366766929626465,-2.0092554,-0.005615043255966156,0.2,0.058447265625,1390,0.010054942,,
141,296,288768,973,1701.75,814.804443359375,138.16156574487687,-1.315790990740061,0.00025,58.21611022949219,0.68785256,-0.0012818386112485314,0.2,0.000390625,1400,0.0033344724,,
142,298,290816,975,1699.5,822.5618896484375,139.91226058602334,-1.3251750826835633,0.00025,35.10887145996094,0.2699443,-0.0016796174662886188,0.2,0.0,1410,0.0033839068,,
143,299,292864,976,1699.5,822.5618896484375,153.23125792741774,-1.324763283506036,0.00025,62.07839584350586,0.66122335,-0.004466345773835201,0.2,0.014599609375,1420,0.0039825,,
144,301,294912,978,1723.09,816.103515625,75.80983190536499,-1.3567024648189545,0.00025,15.158403396606445,0.15648085,-0.008438778069103137,0.2,0.082080078125,1430,0.01266166,,
145,303,296960,979,1720.02,790.6455688476562,28.812316372990608,-1.3548173900693654,0.00025,7.600976943969727,0.49626136,-0.013989086635410786,0.2,0.140478515625,1440,0.010314256,,
146,304,299008,980,1719.7,805.4227294921875,114.02322709560394,-1.363353655487299,0.00025,19.617332458496094,0.6517614,-0.0011772887908591656,0.2,0.0,1450,0.0010468338,,
,,300000,,,,432.0685441017151,-1.3322717547416687,0.00025,150.68576049804688,0.6772876,-0.004731376039853785,0.2,0.012841796875,1460,0.0061677457,2244.7,387.7320861816406
147,311,301056,967,1711.35,794.98583984375,,,,,,,,,,,,
148,312,303104,968,1702.68,777.5504760742188,284.99592502117156,-1.3586422018706799,0.00025,67.66327667236328,0.6884316,-0.0018104529626725707,0.2,4.8828125e-05,1470,0.0018489152,,
149,314,305152,970,1702.68,765.562255859375,84.028133893013,-1.3528234262019396,0.00025,27.741926193237305,0.63490415,-0.0040035940852249045,0.2,0.02001953125,1480,0.005723507,,
150,316,307200,971,1702.68,765.562255859375,44.24033638685942,-1.3316736072301865,0.00025,5.306027889251709,0.7401,-0.0025199521420290693,0.2,0.01533203125,1490,0.0075828885,,
151,317,309248,973,1702.68,767.4085083007812,11.857891787588596,-1.3632431406527759,0.00025,2.589170217514038,-4.073582,-0.007626387118943967,0.2,0.06767578125,1500,0.00915727,,
152,319,311296,974,1683.83,803.0697631835938,116.45767524242402,-1.3338413685560226,0.00025,20.214426040649414,0.6305711,-0.004029360887943767,0.2,0.01611328125,1510,0.007099933,,
153,321,313344,975,1684.51,816.6472778320312,442.72074780464175,-1.3251500740647315,0.00025,103.05703735351562,0.5531578,-0.0023902490975160617,0.2,0.000927734375,1520,0.0032191002,,
154,322,315392,977,1666.95,835.1210327148438,398.5201909542084,-1.3301370218396187,0.00025,100.48843383789062,0.6885193,-0.0032063323378679343,0.2,0.0068359375,1530,0.005265733,,
155,324,317440,978,1669.7,819.2898559570312,266.25409482717515,-1.3604292083531617,0.00025,67.04182434082031,0.17767316,-0.0015309090478694998,0.2,0.0,1540,0.0040220977,,
156,326,319488,979,1669.7,819.2898559570312,173.70671046972274,-1.3619501259177924,0.00025,34.74966049194336,-0.05835235,-0.003613085634424351,0.2,0.00751953125,1550,0.0073749027,,
157,327,321536,981,1693.92,819.0303955078125,220.4079014658928,-1.331598139926791,0.00025,68.37963104248047,-0.016581655,-0.008764686927315779,0.2,0.0681640625,1560,0.007995117,,
158,329,323584,982,1693.92,813.7472534179688,76.97737604677677,-1.3581166479736566,0.00025,12.752120018005371,0.6881734,-0.008034876223246102,0.2,0.095166015625,1570,0.010005091,,
,,325000,,,,39.43675651550293,-1.370656594261527,0.00025,9.323824882507324,0.2821936,-0.00665753236025921,0.2,0.06591796875,1580,0.009333169,2451.1,60.93782424926758
159,336,325632,968,1688.09,796.8295288085938,,,,,,,,,,,,
160,337,327680,970,1688.09,796.8295288085938,143.46800255775452,-1.3680354595184325,0.00025,37.04098129272461,0.7956594,-0.004111395323707257,0.2,0.016162109375,1590,0.006094101,,
161,339,329728,971,1691.26,784.3760375976562,11.809639789164066,-1.370002645626664,0.00025,1.5297613143920898,-3.1707416,-0.012104290080606006,0.2,0.1068359375,1600,0.0164103,,
162,341,331776,972,1689.36,789.6194458007812,210.76151949167252,-1.352618021517992,0.00025,77.25198364257812,0.85746086,-0.0044754073707736096,0.2,0.02099609375,1610,0.0068804277,,
163,342,333824,974,1708.86,783.9706420898438,102.4043867379427,-1.3721560016274452,0.00025,22.072481155395508,0.6768744,-0.004937544923450332,0.2,0.012451171875,1620,0.005372569,,
164,344,335872,975,1708.86,783.9706420898438,37.05803701877594,-1.355512872338295,0.00025,11.749364852905273,0.35588098,-0.006093122538004536,0.2,0.022412109375,1630,0.0061337193,,
165,345,337920,976,1701.49,754.5181274414062,7.4906024765223265,-1.3257119841873646,0.00025,1.8430263996124268,-0.85305583,-0.014363040766329504,0.2,0.164013671875,1640,0.014770776,,
166,347,339968,978,1700.42,735.7823486328125,39.99426657408476,-1.323998737707734,0.00025,9.265020370483398,-0.12915051,-0.006665058700309601,0.2,0.084814453125,1650,0.009798712,,
167,349,342016,979,1700.42,735.7823486328125,165.1213643193245,-1.3316007498651743,0.00025,28.325387954711914,0.57109845,-0.0034516770392656326,0.2,4.8828125e-05,1660,0.0036028228,,
168,350,344064,980,1703.01,707.8203125,38.52051991522312,-1.3550707161426545,0.00025,13.351581573486328,0.6637951,-0.015272559514414752,0.2,0.1783203125,1670,0.012882631,,
169,352,346112,981,1665.23,707.833984375,266.87883739471437,-1.3413473561406135,0.00025,54.40671157836914,0.73597336,-0.002136207571311388,0.2,4.8828125e-05,1680,0.0014618302,,
170,354,348160,982,1637.19,686.89697265625,362.7844817638397,-1.3031880926340818,0.00025,112.03145599365234,0.63089865,-0.0015743396172183566,0.2,4.8828125e-05,1690,0.0023038778,,
,,350000,,,,409.09618110656737,-1.3504122275859118,0.00025,68.35195922851562,0.7275262,-0.001834085863083601,0.2,0.0,1700,0.0026802355,1874.8,242.212158203125
171,359,350208,973,1637.19,686.89697265625,,,,,,,,,,,,
172,361,352256,974,1608.98,680.1456298828125,55.36605258584022,-1.3572622917592525,0.00025,27.172178268432617,0.24397701,-0.013636319623037707,0.2,0.173681640625,1710,0.012895835,,
173,363,354304,975,1589.67,659.6528930664062,146.81961493492128,-1.3699732065200805,0.00025,62.173954010009766,0.70650476,-0.0019208771154808346,0.2,4.8828125e-05,1720,0.0018553551,,
174,364,356352,977,1573.88,662.5834350585938,185.80400264263153,-1.364428262412548,0.00025,35.73540496826172,0.8034453,-0.003492258212645538,0.2,0.007421875,1730,0.005639689,,
175,366,358400,978,1573.88,657.4371948242188,200.64706267118453,-1.3621182166039945,0.00025,65.28028869628906,0.84406555,-0.0015615410360624083,0.2,0.0,1740,0.0012524503,,
176,367,360448,979,1573.88,657.4371948242188,13.163874703645707,-1.3694798253476619,0.00025,5.733323574066162,0.73042625,-0.020838048605219227,0.2,0.231640625,1750,0.012072845,,
177,369,362496,980,1584.77,642.3807983398438,51.92001050412655,-1.3546600814908742,0.00025,19.63007164001465,-1.9912043,-0.009537238827033435,0.2,0.08486328125,1760,0.012076011,,
178,371,364544,982,1584.77,643.3438110351562,85.91780403256416,-1.3454991038888693,0.00025,18.995365142822266,0.69657624,-0.009218707516265568,0.2,0.081640625,1770,0.008794984,,
179,372,366592,983,1586.04,645.994873046875,83.1319755166769,-1.3563172597438098,0.00025,66.38343048095703,0.48390043,-0.00276474454003619,0.2,0.00791015625,1780,0.0031265428,,
180,374,368640,984,1583.53,645.2108154296875,139.49683558940887,-1.351905144006014,0.00025,14.568554878234863,0.7622751,-0.003996269589697477,0.2,0.01396484375,1790,0.0057689007,,
181,376,370688,985,1578.22,645.9661865234375,137.37364206314086,-1.3554095506668091,0.00025,70.2237548828125,0.6073336,-0.004478037233639043,0.2,0.015478515625,1800,0.0066199093,,
182,377,372736,986,1578.22,645.9661865234375,367.9182939529419,-1.327787559106946,0.00025,65.858642578125,0.40917277,-0.0021431964050862007,0.2,0.00146484375,1810,0.0030196134,,
183,379,374784,987,1600.01,659.9581909179688,44.58405247926712,-1.3237015567719936,0.00025,14.7818603515625,0.29989678,-0.0042603633053659,0.2,0.026953125,1820,0.007980847,,
,,375000,,,,439.51239013671875,-1.3435026682913302,0.00025,213.28321838378906,0.6511377,-0.0014852135180262848,0.2,0.0,1830,0.0013791935,2472.3,459.622802734375
184,386,376832,975,1587.46,666.4099731445312,,,,,,,,,,,,
185,387,378880,976,1610.62,685.6578369140625,498.6440917015076,-1.3414377361536025,0.00025,184.31625366210938,0.46047527,-0.0024998728134960403,0.2,0.001025390625,1840,0.004513421,,
186,389,380928,978,1571.88,671.5907592773438,135.08022004961967,-1.3322595540434121,0.00025,41.03500747680664,0.565348,-0.004408086416515289,0.2,0.01181640625,1850,0.0048552533,,
187,391,382976,979,1571.88,681.0714721679688,492.52090444564817,-1.3572902362793684,0.00025,95.70333099365234,0.48354638,-0.003099404058593791,0.2,0.0,1860,0.0047593312,,
188,392,385024,980,1582.73,684.9566650390625,129.0118189096451,-1.3430968221276998,0.00025,27.103660583496094,0.76026785,-0.0025370070423377912,0.2,0.009521484375,1870,0.0030370308,,
189,394,387072,981,1582.73,684.9566650390625,390.6322895050049,-1.351895821467042,0.00025,159.53639221191406,0.66618574,-0.002374584957578918,0.2,0.002197265625,1880,0.0018305975,,
190,395,389120,982,1582.73,682.3233642578125,19.973080810159445,-1.3744710594415666,0.00025,1.6005961894989014,-6.440681,-0.002311071185977198,0.2,0.014599609375,1890,0.005784621,,
191,397,391168,983,1582.73,693.311279296875,132.52471811771392,-1.3608877260237933,0.00025,24.3867244720459,0.79391384,-0.00816309760994045,0.2,0.031640625,1900,0.0068398146,,
192,399,393216,985,1585.19,695.75,139.3613818883896,-1.3632909703999758,0.00025,43.678466796875,0.75777507,-0.003925133978191298,0.2,0.0009765625,1910,0.004499287,,
193,400,395264,986,1609.94,688.3599853515625,415.9779907226563,-1.3444088406860828,0.00025,109.73121643066406,0.5958845,-0.0031378599931485953,0.2,0.0140625,1920,0.0061721113,,
194,402,397312,987,1609.94,688.3599853515625,26.76553103774786,-1.3632396347820759,0.00025,2.170088529586792,0.5650148,-0.011699492541811195,0.2,0.097509765625,1930,0.0098099,,
195,404,399360,988,1616.85,683.42333984375,46.726654237508775,-1.340125934407115,0.00025,5.498511791229248,0.79927117,-0.003926927281281678,0.2,0.022216796875,1940,0.0070687756,,
,,400000,,,,480.821261882782,-1.3496507234871387,0.00025,155.07884216308594,0.62625515,-0.00338719659121125,0.2,4.8828125e-05,1950,0.0034491513,2025.1,377.0650939941406
196,409,401408,979,1626.8,674.4815063476562,,,,,,,,,,,,
197,411,403456,980,1643.82,680.0797729492188,164.0985211253166,-1.3577597074210643,0.00025,50.864383697509766,0.84824497,-0.006257407665543724,0.2,0.04794921875,1960,0.0066737644,,
198,413,405504,981,1633.59,694.7528076171875,283.96820805072787,-1.3449381913989782,0.00025,38.11066818237305,0.54212594,-0.00224445813219063,0.2,0.000732421875,1970,0.003724855,,
199,414,407552,982,1633.59,702.1182861328125,406.9521640300751,-1.355994988977909,0.00025,108.0212631225586,0.31187993,-0.0012048450618749485,0.2,0.0,1980,0.0014645779,,
200,416,409600,983,1651.64,696.2818603515625,142.67980011701584,-1.3705495592206716,0.00025,31.549612045288086,0.3385197,-0.0034647087770281358,0.2,0.00302734375,1990,0.0058075683,,
201,418,411648,984,1634.91,680.9766235351562,167.6485343515873,-1.3747033447027206,0.00025,85.46649932861328,0.009493172,-0.0027515317233337555,0.2,0.002490234375,2000,0.0017559442,,
202,419,413696,985,1640.17,660.3365478515625,245.42920718193054,-1.3669653166085483,0.00025,57.70573425292969,0.67781055,-0.002368172994465567,0.2,0.000439453125,2010,0.00272776,,
203,421,415744,986,1640.17,660.3365478515625,31.847735963761806,-1.3738299351185561,0.00025,8.362112998962402,0.6505804,-0.005082889913319377,0.2,0.00458984375,2020,0.007228733,,
204,422,417792,987,1640.17,651.3762817382812,33.87004465609789,-1.3589962370693685,0.00025,5.7098164558410645,-0.83136714,-0.006450042751384899,0.2,0.096923828125,2030,0.007629993,,
205,424,419840,988,1652.02,646.414306640625,46.94705999046564,-1.3570958774536848,0.00025,7.5207109451293945,0.28344846,-0.006358030172123108,0.2,0.06201171875,2040,0.008284381,,
206,426,421888,989,1638.04,662.7761840820312,99.89718250632286,-1.3545572675764561,0.00025,19.28331756591797,0.6133673,-0.0049729597682016905,0.2,0.02197265625,2050,0.005426282,,
207,428,423936,990,1632.95,664.7782592773438,410.9971951961517,-1.339321368560195,0.00025,67.44657897949219,0.6702224,-0.0012563541778945364,0.2,0.0,2060,0.0010570574,,
,,425000,,,,229.7352420926094,-1.3600308272987605,0.00025,43.11300277709961,0.87457705,-0.013485240515728946,0.2,0.15,2070,0.012166523,1654.8,290.8632507324219
208,433,425984,982,1655.51,675.7444458007812,,,,,,,,,,,,
209,435,428032,983,1655.51,675.7444458007812,261.46155126094817,-1.3598192375153304,0.00025,58.2923469543457,0.78013813,-0.006605123681947589,0.2,0.041650390625,2080,0.007895172,,
210,436,430080,984,1626.19,676.5584106445312,213.7384525179863,-1.3583322644233704,0.00025,54.613059997558594,0.47705305,-0.004880148891970748,0.2,0.0150390625,2090,0.005650095,,
211,438,432128,985,1622.65,680.3214721679688,331.51802333593366,-1.357230555266142,0.00025,26.130420684814453,0.7505363,-0.0022447138137067666,0.2,0.001220703125,2100,0.0021230937,,
212,440,434176,986,1597.98,696.96875,228.09996993541716,-1.365154267475009,0.00025,93.58648681640625,0.7757402,-0.005068232457415433,0.2,0.0365234375,2110,0.0056349663,,
213,441,436224,987,1597.98,696.96875,398.16638827323914,-1.3499982871115208,0.00025,85.76941680908203,0.5667224,-0.0029364068279392084,0.2,0.0,2120,0.0030663488,,
214,443,438272,988,1596.33,702.391357421875,19.72717404216528,-1.3766688250005246,0.00025,3.141577959060669,-2.3202045,-0.00537996811181074,0.2,0.07998046875,2130,0.0099968435,,
215,445,440320,989,1586.59,713.2669677734375,193.12036583423614,-1.364677845314145,0.00025,33.78921127319336,0.42881095,-0.0011320603720378132,0.2,0.0,2140,0.0008926482,,
216,446,442368,989,1609.34,706.24169921875,204.67426571846008,-1.3618577323853969,0.00025,133.7418670654297,0.19684035,-0.0021515705047931988,0.2,0.002099609375,2150,0.0037456863,,
217,448,444416,990,1609.34,706.24169921875,99.94797323942184,-1.3555689290165902,0.00025,17.261882781982422,0.7150871,-0.005736554308532505,0.2,0.045263671875,2160,0.0065503074,,
218,450,446464,991,1638.51,717.2305297851562,179.65670051574708,-1.3617439247667789,0.00025,36.495452880859375,0.79358053,-0.007739522754854988,0.2,0.071875,2170,0.008335231,,
219,451,448512,992,1617.47,733.1685791015625,174.3054515361786,-1.3459938634186983,0.00025,53.49264144897461,0.90232414,-0.005952891609922517,0.2,0.014111328125,2180,0.005218082,,
,,450000,,,,144.41565818190574,-1.358509935811162,0.00025,13.143878936767578,0.5626872,-0.0024396116656134836,0.2,0.026318359375,2190,0.0071961456,2163.9,274.8517761230469
220,458,450560,983,1606.68,728.587646484375,,,,,,,,,,,,
221,459,452608,984,1588.08,742.0870361328125,122.40017232894897,-1.3704011607915163,0.00025,20.036226272583008,0.22994119,-0.009277315873623593,0.2,0.0708984375,2200,0.00776606,,
222,461,454656,985,1563.63,752.6860961914062,524.6328301429749,-1.3407061986625195,0.00025,137.9201202392578,0.81634384,-0.003241472905574483,0.2,0.003759765625,2210,0.005705583,,
223,463,456704,986,1569.13,745.8533325195312,488.0715690612793,-1.3495652034878731,0.00025,259.2835388183594,0.6652512,-0.002099601284862729,0.2,0.00107421875,2220,0.0020656786,,
224,464,458752,987,1569.13,745.8533325195312,582.6749039173126,-1.3528662241995335,0.00025,132.45404052734375,0.7986473,-0.0027567088392970616,0.2,4.8828125e-05,2230,0.0020579994,,
225,466,460800,988,1596.62,745.277587890625,28.270707209780813,-1.356475607305765,0.00025,2.5195322036743164,-6.4023585,-0.003736482209933456,0.2,0.031689453125,2240,0.009109279,,
226,467,462848,989,1606.35,746.0833740234375,102.64644228219986,-1.3590177420526743,0.00025,18.415597915649414,0.861053,-0.004394069300906267,0.2,0.030078125,2250,0.0062235654,,
227,469,464896,989,1606.35,746.0833740234375,56.70496719181538,-1.3525492738932372,0.00025,16.010515213012695,0.80517167,-0.010567330820776988,0.2,0.0748046875,2260,0.009112672,,
228,471,466944,990,1590.69,752.0557250976562,77.05317270159722,-1.3569026306271552,0.00025,18.889692306518555,0.019046724,-0.008977436373243108,0.2,0.060791015625,2270,0.008387759,,
229,472,468992,991,1590.69,752.0557250976562,144.86576417684554,-1.3640451315790414,0.00025,21.8361873626709,0.7384776,-0.0011999599260889226,0.2,0.0,2280,0.0012423927,,
230,474,471040,992,1604.01,746.6322631835938,172.58377372026445,-1.3604479812085628,0.00025,42.088348388671875,0.24829131,-0.0035643291361338925,0.2,0.002880859375,2290,0.004656973,,
231,476,473088,993,1629.35,742.2228393554688,109.7030147075653,-1.3589659716933966,0.00025,19.897342681884766,0.7103903,-0.0010979932092595845,0.2,0.000341796875,2300,0.0025601666,,
,,475000,,,,35.87241892516613,-1.3615638125687837,0.00025,5.250825881958008,0.22581065,-0.005646382314444054,0.2,0.050634765625,2310,0.005608687,2038.3,642.468994140625
232,482,475136,985,1622.42,730.858154296875,,,,,,,,,,,,
233,483,477184,986,1628.92,740.6392211914062,395.24120383262635,-1.3566979005932809,0.00025,98.6904067993164,0.73433876,-0.0007931162013846915,0.2,0.0,2320,0.0004566226,,
234,485,479232,987,1654.97,755.9757080078125,201.8594568490982,-1.3644371584057808,0.00025,67.20967102050781,0.6790602,-0.0022224913278478197,0.2,0.000390625,2330,0.004644029,,
235,487,481280,988,1672.53,740.7340698242188,239.23992433547974,-1.3636099316179753,0.00025,49.12602615356445,0.7739243,-0.005914286299957894,0.2,0.045166015625,2340,0.0062174397,,
236,488,483328,988,1645.33,737.7073974609375,62.312053713202474,-1.370506888628006,0.00025,9.005707740783691,-0.18925464,-0.001377191414940171,0.2,0.00107421875,2350,0.0015247273,,
237,490,485376,989,1674.17,747.271484375,277.1984974861145,-1.3703261844813823,0.00025,66.76104736328125,0.48800582,-0.0011542530482984148,0.2,0.0,2360,0.0004022487,,
238,491,487424,990,1666.58,759.0550537109375,277.9856837272644,-1.3656148970127107,0.00025,138.95193481445312,0.3856253,-0.0005124934046762064,0.2,0.0,2370,0.00035650496,,
239,493,489472,991,1631.24,764.599853515625,326.4976011991501,-1.3579745903611182,0.00025,92.31513214111328,0.8096893,-0.0047802917310036715,0.2,0.01630859375,2380,0.0045590135,,
240,495,491520,992,1631.24,764.599853515625,324.94832649230955,-1.3522977154701947,0.00025,86.55309295654297,0.8486082,-0.004010822713462403,0.2,0.005712890625,2390,0.0053528287,,
241,496,493568,993,1631.24,780.664794921875,219.7237163424492,-1.3704308159649372,0.00025,38.82876205444336,0.5199269,-0.0037831476613064295,0.2,0.019287109375,2400,0.007199535,,
242,498,495616,994,1645.83,772.8800048828125,353.83165590763093,-1.3651846382766961,0.00025,103.12702178955078,0.7050125,-0.0041336776208481755,0.2,0.015576171875,2410,0.0063220663,,
243,500,497664,995,1637.06,781.1387329101562,183.490296459198,-1.3698686722666025,0.00025,84.56121826171875,0.67546916,-0.004759505259426078,0.2,0.018310546875,2420,0.007741417,,
244,501,499712,995,1637.06,781.1387329101562,379.2969353199005,-1.367886669933796,0.00025,134.37454223632812,0.74925566,-0.0017380200253683143,0.2,0.000634765625,2430,0.0017053199,,
,,500000,,,,56.539180618524554,-1.3711802463978529,0.00025,20.342632293701172,0.26507777,-0.007842033794440794,0.2,0.0638671875,2440,0.0114563,2194.3,148.58209228515625
245,508,501760,987,1637.05,784.9306030273438,,,,,,,,,,,,
