#{"t_start": 1761310820.1866293, "env_id": "None"}
r,l,t,result,match_ratio,page
144.1,40,6.630272,partial,0.6666666666666666,done
271.87,63,12.901837,partial,0.7333333333333333,done
412.41,59,18.903059,partial,0.8666666666666667,done
371.11,89,26.530455,partial,0.8666666666666667,done
416.52,98,35.481569,partial,0.9333333333333333,done
404.69,81,42.653172,partial,0.9333333333333333,done
390.98,52,49.026833,partial,0.9333333333333333,done
273.81,69,56.393011,partial,0.7333333333333333,done
401.11,89,63.958122,partial,0.9333333333333333,done
429.85,65,71.211545,partial,0.9333333333333333,done
412.53,47,76.248994,partial,0.9333333333333333,done
392.02,48,82.706162,partial,0.8666666666666667,done
171.62,38,87.382653,partial,0.6666666666666666,done
57.59,41,91.286609,incomplete,0.0,index.html
430.3,70,97.950337,partial,0.9333333333333333,done
406.78,72,105.537658,partial,0.9333333333333333,done
250.95,55,111.101884,partial,0.7333333333333333,done
75.59,41,115.998481,incomplete,0.0,index.html
402.31,69,123.060253,partial,0.8666666666666667,done
382.41,59,128.748055,partial,0.8666666666666667,done
370.71,79,137.407981,partial,0.9333333333333333,done
463.35,65,144.06262,partial,0.8666666666666667,done
417.52,48,149.913144,partial,0.9333333333333333,done
430.27,73,156.088631,partial,0.9333333333333333,done
437.43,57,163.10853,partial,0.8,done
75.59,41,167.237554,incomplete,0.0,index.html
404.98,52,172.35746,partial,0.8666666666666667,done
404.33,67,180.183444,partial,0.8666666666666667,done
440.5,50,186.84702,partial,0.9333333333333333,done
426.5,50,192.958761,partial,0.9333333333333333,done
390.94,56,199.171874,partial,0.8666666666666667,done
469.18,82,206.979661,partial,0.9333333333333333,done
423.63,87,215.202561,partial,0.9333333333333333,done
252.04,46,220.129297,partial,0.7333333333333333,done
399.94,56,226.259321,partial,0.9333333333333333,done
400.6,40,231.509785,partial,0.8666666666666667,done
473.65,85,238.675635,partial,0.9333333333333333,done
63.63,87,245.797215,incomplete,0.0,questions.html
431.97,103,253.940916,partial,0.9333333333333333,done
424.25,75,262.265535,partial,0.8666666666666667,done
403.37,63,267.686741,partial,0.9333333333333333,done
299.99,51,274.228234,partial,0.7333333333333333,done
436.39,61,280.863835,partial,0.8666666666666667,done
69.13,87,288.291981,incomplete,0.0,experience.html
394.01,99,300.671398,partial,0.9333333333333333,done
445.74,76,308.634966,partial,0.9333333333333333,done
417.36,64,315.192686,partial,0.9333333333333333,done
49.2,80,322.438622,incomplete,0.0,experience.html
176.72,78,330.493393,partial,0.6666666666666666,done
416.85,65,338.466487,partial,0.9333333333333333,done
93.59,91,346.257177,incomplete,0.0,experience.html
81.59,41,350.525043,incomplete,0.0,index.html
103.06,94,357.453348,incomplete,0.0,experience.html
78.59,41,362.075969,incomplete,0.0,index.html
78.59,41,366.401115,incomplete,0.0,index.html
81.59,41,370.940902,incomplete,0.0,index.html
253.67,33,375.278754,partial,0.7333333333333333,done
75.59,41,379.824165,incomplete,0.0,index.html
78.59,41,384.923798,incomplete,0.0,index.html
106.06,94,393.2633,incomplete,0.0,experience.html
135.51,99,401.320772,incomplete,0.0,experience.html
133.03,97,409.359188,incomplete,0.0,experience.html
105.14,86,415.928614,incomplete,0.0,experience.html
78.59,41,420.682507,incomplete,0.0,index.html
78.59,41,426.360478,incomplete,0.0,index.html
78.59,41,431.09776,incomplete,0.0,index.html
78.59,41,435.702956,incomplete,0.0,index.html
75.59,41,441.039546,incomplete,0.0,index.html
78.59,41,446.18525,incomplete,0.0,index.html
78.59,41,451.17991,incomplete,0.0,index.html
81.59,41,456.266633,incomplete,0.0,index.html
78.59,41,461.752102,incomplete,0.0,index.html
81.59,41,466.377393,incomplete,0.0,index.html
78.59,41,471.098754,incomplete,0.0,index.html
72.59,41,476.282274,incomplete,0.0,index.html
81.59,41,481.203711,incomplete,0.0,index.html
107.58,92,488.238637,incomplete,0.0,experience.html
88.72,78,493.881744,incomplete,0.0,experience.html
78.59,41,498.778972,incomplete,0.0,index.html
81.59,41,504.401673,incomplete,0.0,index.html
128.52,98,512.848984,incomplete,0.0,experience.html
81.59,41,517.802865,incomplete,0.0,index.html
81.59,41,523.161742,incomplete,0.0,index.html
78.59,41,528.449304,incomplete,0.0,index.html
81.59,41,533.237124,incomplete,0.0,index.html
81.59,41,538.076912,incomplete,0.0,index.html
81.59,41,543.620778,incomplete,0.0,index.html
81.59,41,548.360712,incomplete,0.0,index.html
81.59,41,552.445075,incomplete,0.0,index.html
81.59,41,556.962422,incomplete,0.0,index.html
78.59,41,560.986474,incomplete,0.0,index.html
78.59,41,565.013058,incomplete,0.0,index.html
81.59,41,568.784245,incomplete,0.0,index.html
81.59,41,572.85086,incomplete,0.0,index.html
81.59,41,577.628565,incomplete,0.0,index.html
81.59,41,581.815936,incomplete,0.0,index.html
81.59,41,586.396943,incomplete,0.0,index.html
81.59,41,593.120575,incomplete,0.0,index.html
81.59,41,598.065757,incomplete,0.0,index.html
81.59,41,602.800995,incomplete,0.0,index.html
78.59,41,608.230316,incomplete,0.0,index.html
81.59,41,613.512842,incomplete,0.0,index.html
81.59,41,618.172842,incomplete,0.0,index.html
81.59,41,622.878318,incomplete,0.0,index.html
78.59,41,627.866746,incomplete,0.0,index.html
81.59,41,633.077442,incomplete,0.0,index.html
81.59,41,638.198509,incomplete,0.0,index.html
81.59,41,643.919451,incomplete,0.0,index.html
81.59,41,648.876051,incomplete,0.0,index.html
78.59,41,654.153704,incomplete,0.0,index.html
81.59,41,658.828916,incomplete,0.0,index.html
81.59,41,663.790334,incomplete,0.0,index.html
81.59,41,669.34048,incomplete,0.0,index.html
81.59,41,675.139841,incomplete,0.0,index.html
78.59,41,680.239736,incomplete,0.0,index.html
81.59,41,685.067492,incomplete,0.0,index.html
81.59,41,691.140183,incomplete,0.0,index.html
81.59,41,696.326106,incomplete,0.0,index.html
81.59,41,700.95164,incomplete,0.0,index.html
78.59,41,706.001009,incomplete,0.0,index.html
81.59,41,711.585746,incomplete,0.0,index.html
81.59,41,717.302356,incomplete,0.0,index.html
81.59,41,722.243319,incomplete,0.0,index.html
81.59,41,726.899424,incomplete,0.0,index.html
81.59,41,732.635819,incomplete,0.0,index.html
81.59,41,737.55303,incomplete,0.0,index.html
