#{"t_start": 1761312357.6392467, "env_id": "None"}
r,l,t,result,match_ratio,page
409.77,73,8.891053,partial,0.8,done
440.82,68,17.160994,partial,0.8666666666666667,done
448.96,54,23.181332,partial,0.9333333333333333,done
437.49,51,28.612539,partial,0.8,done
445.6,90,38.457033,partial,0.9333333333333333,done
408.51,49,43.396452,partial,0.8666666666666667,done
455.01,49,49.048765,partial,0.9333333333333333,done
398.79,71,55.752372,partial,0.8666666666666667,done
414.62,38,60.958722,partial,0.8666666666666667,done
428.98,52,68.570497,partial,0.9333333333333333,done
432.38,62,76.051989,partial,0.8666666666666667,done
429.94,56,82.44774,partial,0.8,done
258.06,44,87.237383,partial,0.7333333333333333,done
410.65,35,92.154208,partial,0.8666666666666667,done
145.19,81,99.753325,incomplete,0.0,review.html
394.5,50,104.966342,partial,0.8,done
413.42,58,111.697434,partial,0.8666666666666667,done
88.59,91,123.198828,incomplete,0.0,review.html
406.52,98,132.545931,partial,0.9333333333333333,done
459.1,40,139.344712,partial,0.9333333333333333,done
411.71,79,148.24579,partial,0.9333333333333333,done
408.53,47,155.742007,partial,0.8,done
87.37,63,162.884155,incomplete,0.0,review.html
460.19,81,170.974723,partial,0.9333333333333333,done
69.59,41,175.662148,incomplete,0.0,index.html
414.16,34,180.659231,partial,0.8,done
457.26,74,187.808093,partial,0.9333333333333333,done
433.3,70,195.129573,partial,0.9333333333333333,done
435.14,86,206.640034,partial,0.9333333333333333,done
460.43,57,213.644374,partial,0.9333333333333333,done
412.97,53,219.357628,partial,0.8,done
257.18,32,223.174822,partial,0.7333333333333333,done
373.44,106,237.098545,partial,0.9333333333333333,done
371.89,61,245.422473,partial,0.8666666666666667,done
476.8,70,255.206315,partial,0.9333333333333333,done
80.69,81,263.827887,incomplete,0.0,review.html
410.66,34,268.196906,partial,0.8,done
255.05,45,273.066509,partial,0.7333333333333333,done
408.01,49,280.972314,partial,0.8,done
96.73,77,288.304457,incomplete,0.0,review.html
421.63,37,293.639594,partial,0.8666666666666667,done
421.87,63,300.471775,partial,0.8666666666666667,done
255.03,47,305.01856,partial,0.7333333333333333,done
477.27,73,314.072953,partial,0.9333333333333333,done
66.59,41,318.843795,incomplete,0.0,index.html
417.6,40,324.411009,partial,0.8,done
112.0,50,328.703112,incomplete,0.0,review.html
402.09,41,334.107147,partial,0.8,done
72.77,73,339.707373,incomplete,0.0,review.html
383.81,69,345.222062,partial,0.8666666666666667,done
395.0,50,352.435572,partial,0.8666666666666667,done
118.28,72,358.142602,incomplete,0.0,review.html
438.19,81,368.496172,partial,0.9333333333333333,done
166.37,63,374.250099,partial,0.6666666666666666,done
401.27,73,382.210369,partial,0.8,done
66.59,41,386.241615,incomplete,0.0,index.html
449.41,59,392.015827,partial,0.9333333333333333,done
386.81,69,398.9478,partial,0.8666666666666667,done
438.49,51,404.230268,partial,0.9333333333333333,done
438.22,78,412.182336,partial,0.9333333333333333,done
236.03,47,417.24874,partial,0.7333333333333333,done
57.59,41,421.367335,incomplete,0.0,index.html
258.08,42,426.163551,partial,0.7333333333333333,done
445.93,57,434.343936,partial,0.9333333333333333,done
454.86,64,441.269407,partial,0.9333333333333333,done
128.33,67,447.12204,incomplete,0.0,review.html
464.0,50,452.51144,partial,0.9333333333333333,done
162.37,63,457.445805,incomplete,0.0,review.html
154.31,69,462.985777,incomplete,0.0,review.html
423.62,38,468.030728,partial,0.8,done
256.54,46,473.080521,partial,0.7333333333333333,done
450.3,70,482.053615,partial,0.9333333333333333,done
398.95,55,487.148359,partial,0.8,done
72.59,41,491.92254,incomplete,0.0,index.html
451.37,63,499.478013,partial,0.9333333333333333,done
412.64,36,503.891099,partial,0.8,done
401.65,35,507.85196,partial,0.8,done
433.34,66,515.981791,partial,0.8666666666666667,done
488.77,73,523.995691,partial,0.9333333333333333,done
96.82,68,530.016083,incomplete,0.0,questions.html
460.64,86,540.340961,partial,0.9333333333333333,done
419.48,52,545.964539,partial,0.8666666666666667,done
370.32,68,554.28622,partial,0.8666666666666667,done
451.45,55,561.171489,partial,0.9333333333333333,done
442.97,53,569.978984,partial,0.8,done
118.59,41,576.10055,incomplete,0.0,experience.html
416.02,48,582.643379,partial,0.8,done
426.22,78,590.123455,partial,0.9333333333333333,done
402.37,63,596.498409,partial,0.8666666666666667,done
135.46,54,602.662688,incomplete,0.0,review.html
412.76,74,611.110946,partial,0.9333333333333333,done
125.23,77,618.250339,incomplete,0.0,review.html
473.79,71,625.889245,partial,0.9333333333333333,done
463.76,74,633.78265,partial,0.9333333333333333,done
424.89,61,640.768623,partial,0.8,done
389.63,37,647.90116,partial,0.8,done
456.61,89,655.720455,partial,0.9333333333333333,done
459.41,59,663.110393,partial,0.9333333333333333,done
441.87,63,670.308883,partial,0.8,done
395.73,77,678.527731,partial,0.8,done
86.8,70,684.115132,incomplete,0.0,review.html
453.58,42,689.565867,partial,0.9333333333333333,done
467.27,73,698.493861,partial,0.9333333333333333,done
269.96,54,704.391359,partial,0.7333333333333333,done
437.83,67,712.748212,partial,0.8666666666666667,done
389.61,89,724.461258,partial,0.9333333333333333,done
427.4,60,731.714154,partial,0.9333333333333333,done
139.57,93,740.476205,incomplete,0.0,review.html
152.84,66,747.556634,incomplete,0.0,review.html
405.69,81,758.525183,partial,0.9333333333333333,done
397.05,45,764.226944,partial,0.8,done
453.77,73,771.067286,partial,0.8666666666666667,done
483.33,67,778.597954,partial,0.9333333333333333,done
469.18,82,786.932699,partial,0.9333333333333333,done
411.24,76,793.892915,partial,0.8,done
175.55,45,798.685319,partial,0.6666666666666666,done
425.02,48,803.748107,partial,0.8666666666666667,done
268.02,48,808.450138,partial,0.7333333333333333,done
426.24,76,815.75313,partial,0.9333333333333333,done
170.68,32,820.116607,partial,0.6666666666666666,done
290.18,32,824.613632,partial,0.7333333333333333,done
421.42,58,830.75227,partial,0.8666666666666667,done
98.33,67,837.820273,incomplete,0.0,review.html
407.36,64,844.764497,partial,0.8,done
411.51,49,850.290314,partial,0.8,done
451.61,89,861.002272,partial,0.9333333333333333,done
414.03,47,866.017139,partial,0.8666666666666667,done
401.36,64,873.306229,partial,0.8666666666666667,done
69.59,41,878.778681,incomplete,0.0,index.html
396.54,46,885.349181,partial,0.8666666666666667,done
432.29,71,891.376879,partial,0.9333333333333333,done
161.12,38,896.402286,partial,0.6666666666666666,done
455.4,60,903.440771,partial,0.9333333333333333,done
422.05,45,910.168352,partial,0.8,done
462.15,85,919.29325,partial,0.9333333333333333,done
259.03,47,923.418847,partial,0.7333333333333333,done
440.04,46,928.811553,partial,0.8,done
395.47,53,934.325987,partial,0.8,done
434.75,75,942.900646,partial,0.9333333333333333,done
415.36,64,949.711077,partial,0.8666666666666667,done
271.49,51,954.827614,partial,0.7333333333333333,done
255.97,53,959.282658,partial,0.7333333333333333,done
416.03,47,964.005181,partial,0.8,done
404.73,77,970.134132,partial,0.8666666666666667,done
412.88,62,978.861593,partial,0.9333333333333333,done
488.47,53,984.991968,partial,0.9333333333333333,done
276.8,70,991.266682,partial,0.7333333333333333,done
431.26,74,997.393457,partial,0.9333333333333333,done
449.22,78,1006.466816,partial,0.9333333333333333,done
421.59,41,1012.098725,partial,0.8,done
69.59,41,1016.549018,incomplete,0.0,index.html
423.51,49,1024.622751,partial,0.9333333333333333,done
421.52,48,1031.372688,partial,0.8,done
419.93,57,1037.367695,partial,0.8666666666666667,done
415.01,49,1043.965146,partial,0.8,done
399.57,43,1049.381128,partial,0.8,done
428.98,52,1056.668237,partial,0.9333333333333333,done
415.77,73,1064.924948,partial,0.8666666666666667,done
252.33,67,1070.510143,partial,0.7333333333333333,done
449.95,55,1076.411365,partial,0.9333333333333333,done
399.49,51,1080.635453,partial,0.8666666666666667,done
412.43,57,1086.086938,partial,0.8666666666666667,done
414.15,35,1090.823325,partial,0.8666666666666667,done
421.76,74,1099.421365,partial,0.8666666666666667,done
393.61,39,1104.292755,partial,0.8666666666666667,done
408.35,65,1110.901962,partial,0.8666666666666667,done
95.29,71,1115.842919,incomplete,0.0,questions.html
448.81,69,1124.939092,partial,0.9333333333333333,done
415.78,72,1132.499859,partial,0.9333333333333333,done
411.51,49,1137.699537,partial,0.8,done
70.77,73,1143.628311,incomplete,0.0,questions.html
397.64,36,1147.945504,partial,0.8,done
395.46,54,1154.049762,partial,0.8666666666666667,done
100.84,66,1159.416522,incomplete,0.0,review.html
257.41,59,1166.014576,partial,0.7333333333333333,done
140.08,42,1169.916682,partial,0.6666666666666666,done
440.52,48,1175.588786,partial,0.9333333333333333,done
400.43,57,1180.654416,partial,0.8666666666666667,done
111.68,82,1187.081404,incomplete,0.0,review.html
427.22,78,1193.83714,partial,0.9333333333333333,done
394.32,68,1201.146823,partial,0.8666666666666667,done
397.55,45,1206.645641,partial,0.8,done
405.28,72,1213.608685,partial,0.8666666666666667,done
410.59,41,1219.015373,partial,0.8,done
411.48,52,1226.032447,partial,0.8666666666666667,done
257.48,52,1230.729652,partial,0.7333333333333333,done
456.59,91,1239.095214,partial,0.9333333333333333,done
78.43,57,1242.453862,incomplete,0.0,review.html
468.4,60,1249.567152,partial,0.9333333333333333,done
458.88,62,1257.43251,partial,0.9333333333333333,done
406.12,38,1262.659653,partial,0.8,done
435.51,49,1268.508657,partial,0.8,done
429.35,65,1276.630698,partial,0.9333333333333333,done
438.34,66,1282.814934,partial,0.9333333333333333,done
449.47,53,1288.166816,partial,0.9333333333333333,done
394.38,62,1293.45434,partial,0.8666666666666667,done
442.32,68,1299.58387,partial,0.9333333333333333,done
379.42,58,1308.145642,partial,0.8666666666666667,done
261.1,40,1312.389869,partial,0.7333333333333333,done
173.45,55,1318.545254,partial,0.6666666666666666,done
421.11,39,1323.16397,partial,0.8,done
430.56,44,1327.740917,partial,0.8666666666666667,done
112.84,66,1332.352105,incomplete,0.0,review.html
417.5,50,1338.289388,partial,0.8666666666666667,done
419.51,49,1344.124926,partial,0.8,done
66.59,41,1348.338208,incomplete,0.0,index.html
281.19,81,1355.522497,partial,0.7333333333333333,done
132.48,52,1360.541381,incomplete,0.0,review.html
419.56,44,1365.748148,partial,0.8,done
438.56,44,1372.327208,partial,0.9333333333333333,done
406.06,44,1376.8935,partial,0.8,done
163.12,38,1381.560999,partial,0.6666666666666666,done
470.74,76,1388.794268,partial,0.9333333333333333,done
257.34,66,1395.098342,partial,0.7333333333333333,done
417.05,45,1401.346556,partial,0.8666666666666667,done
408.04,46,1405.975938,partial,0.8,done
462.01,49,1410.469091,partial,0.9333333333333333,done
153.16,34,1414.218874,partial,0.6666666666666666,done
402.07,43,1420.186575,partial,0.8666666666666667,done
57.59,91,1429.345391,incomplete,0.0,questions.html
446.63,37,1433.623636,partial,0.9333333333333333,done
454.45,55,1441.083643,partial,0.9333333333333333,done
433.02,48,1446.583659,partial,0.8,done
436.16,84,1455.924038,partial,0.9333333333333333,done
429.4,60,1462.430083,partial,0.9333333333333333,done
123.74,76,1467.571864,incomplete,0.0,review.html
451.41,59,1473.862932,partial,0.9333333333333333,done
404.95,55,1480.200181,partial,0.8666666666666667,done
421.48,52,1487.175456,partial,0.8666666666666667,done
442.01,49,1492.854682,partial,0.8,done
393.87,63,1499.297794,partial,0.8666666666666667,done
434.78,72,1505.176369,partial,0.9333333333333333,done
405.07,43,1511.246879,partial,0.8666666666666667,done
485.25,75,1519.043204,partial,0.9333333333333333,done
467.0,50,1524.932508,partial,0.9333333333333333,done
404.42,58,1529.893194,partial,0.8666666666666667,done
408.69,31,1533.836612,partial,0.8666666666666667,done
449.44,56,1538.533592,partial,0.9333333333333333,done
447.4,60,1545.152021,partial,0.8666666666666667,done
452.38,62,1551.288583,partial,0.9333333333333333,done
257.56,44,1556.031821,partial,0.7333333333333333,done
406.69,31,1560.802074,partial,0.8666666666666667,done
442.89,61,1567.836011,partial,0.9333333333333333,done
422.48,52,1573.95855,partial,0.8666666666666667,done
35.86,64,1579.272007,incomplete,0.0,questions.html
399.92,58,1585.886001,partial,0.8666666666666667,done
152.05,45,1590.187218,partial,0.6666666666666666,done
54.59,41,1594.527729,incomplete,0.0,index.html
445.47,53,1601.676251,partial,0.9333333333333333,done
438.87,63,1608.108244,partial,0.9333333333333333,done
402.15,35,1612.625188,partial,0.8,done
420.63,37,1617.367306,partial,0.8666666666666667,done
99.37,63,1621.950124,incomplete,0.0,review.html
392.91,59,1629.181749,partial,0.8666666666666667,done
461.36,64,1636.128486,partial,0.9333333333333333,done
389.28,72,1642.475944,partial,0.8666666666666667,done
426.06,44,1648.431787,partial,0.8,done
60.59,41,1652.67451,incomplete,0.0,index.html
413.84,66,1662.830637,partial,0.9333333333333333,done
155.04,46,1666.938469,incomplete,0.0,review.html
116.37,63,1671.937901,incomplete,0.0,review.html
443.7,80,1678.294792,partial,0.9333333333333333,done
428.1,90,1686.269722,partial,0.9333333333333333,done
435.49,51,1693.247568,partial,0.9333333333333333,done
276.08,42,1699.312833,partial,0.7333333333333333,done
434.44,56,1707.041513,partial,0.9333333333333333,done
157.16,34,1711.162394,partial,0.6666666666666666,done
68.7,80,1717.719804,incomplete,0.0,questions.html
413.0,50,1723.492691,partial,0.8666666666666667,done
443.44,56,1730.884129,partial,0.9333333333333333,done
407.98,52,1736.70536,partial,0.8,done
399.01,49,1742.480669,partial,0.8666666666666667,done
408.06,44,1747.913737,partial,0.8,done
445.49,51,1754.497502,partial,0.8,done
396.18,82,1764.097847,partial,0.8666666666666667,done
157.54,96,1772.676925,incomplete,0.0,review.html
453.04,46,1778.002778,partial,0.9333333333333333,done
424.48,52,1783.391493,partial,0.8,done
412.12,88,1792.964699,partial,0.9333333333333333,done
410.43,57,1800.321257,partial,0.8,done
406.93,57,1805.846361,partial,0.8666666666666667,done
267.92,58,1812.092402,partial,0.7333333333333333,done
444.77,73,1819.523628,partial,0.8,done
386.18,82,1831.732179,partial,0.9333333333333333,done
450.53,47,1838.070777,partial,0.9333333333333333,done
75.59,41,1842.288514,incomplete,0.0,index.html
405.88,62,1848.422324,partial,0.8,done
45.74,76,1855.862849,incomplete,0.0,questions.html
461.96,54,1861.272738,partial,0.9333333333333333,done
256.77,73,1868.106291,partial,0.7333333333333333,done
426.39,61,1873.720015,partial,0.8666666666666667,done
125.68,82,1879.715422,incomplete,0.0,review.html
466.34,66,1887.016756,partial,0.9333333333333333,done
405.07,43,1892.599982,partial,0.8666666666666667,done
401.32,68,1898.192158,partial,0.8,done
176.45,55,1903.66012,partial,0.6666666666666666,done
474.12,88,1912.284577,partial,0.9333333333333333,done
467.32,68,1919.111606,partial,0.9333333333333333,done
436.4,60,1926.735965,partial,0.9333333333333333,done
402.86,64,1933.555749,partial,0.8,done
411.53,47,1938.59941,partial,0.8666666666666667,done
426.42,58,1945.062561,partial,0.9333333333333333,done
410.73,27,1950.121433,partial,0.8,done
431.64,86,1959.663206,partial,0.9333333333333333,done
434.92,58,1967.847339,partial,0.9333333333333333,done
391.82,68,1976.630771,partial,0.8666666666666667,done
174.07,43,1981.036794,partial,0.6666666666666666,done
391.02,48,1988.063565,partial,0.8666666666666667,done
418.39,61,1994.394124,partial,0.8666666666666667,done
164.49,51,1999.804453,partial,0.6666666666666666,done
412.12,38,2003.934032,partial,0.8666666666666667,done
103.88,62,2008.858986,incomplete,0.0,review.html
382.86,64,2015.055815,partial,0.8666666666666667,done
398.95,55,2020.981698,partial,0.8666666666666667,done
449.3,70,2028.527249,partial,0.9333333333333333,done
256.49,51,2033.896676,partial,0.7333333333333333,done
377.84,66,2040.800223,partial,0.8666666666666667,done
426.11,39,2045.934942,partial,0.8666666666666667,done
401.59,41,2051.323153,partial,0.8,done
479.79,71,2060.837085,partial,0.9333333333333333,done
417.54,46,2066.816353,partial,0.8666666666666667,done
264.54,46,2071.632088,partial,0.7333333333333333,done
426.81,69,2079.132454,partial,0.8666666666666667,done
416.0,50,2084.844801,partial,0.8,done
472.93,57,2091.983809,partial,0.9333333333333333,done
424.53,47,2097.855314,partial,0.8,done
431.44,56,2104.128894,partial,0.8,done
144.61,39,2107.903903,partial,0.6666666666666666,done
395.41,59,2112.958276,partial,0.8666666666666667,done
425.36,64,2120.681556,partial,0.9333333333333333,done
409.98,52,2125.775107,partial,0.8,done
25.76,74,2134.417269,incomplete,0.0,questions.html
429.71,79,2141.655862,partial,0.9333333333333333,done
417.78,72,2151.811733,partial,0.9333333333333333,done
447.01,49,2158.830553,partial,0.9333333333333333,done
107.52,48,2163.854003,incomplete,0.0,review.html
451.78,72,2171.89417,partial,0.9333333333333333,done
413.01,49,2177.091102,partial,0.8666666666666667,done
407.94,56,2184.851116,partial,0.8666666666666667,done
478.89,61,2194.953595,partial,0.9333333333333333,done
431.9,60,2201.739294,partial,0.8666666666666667,done
390.91,59,2209.692688,partial,0.8666666666666667,done
274.63,37,2213.783055,partial,0.7333333333333333,done
386.02,48,2219.927715,partial,0.8,done
447.39,61,2227.584679,partial,0.9333333333333333,done
406.86,64,2233.892234,partial,0.8666666666666667,done
413.26,74,2242.107291,partial,0.8666666666666667,done
403.93,57,2247.780421,partial,0.8666666666666667,done
89.51,99,2256.774388,incomplete,0.0,questions.html
75.59,41,2261.351272,incomplete,0.0,index.html
388.52,48,2269.072836,partial,0.8666666666666667,done
432.87,63,2275.678971,partial,0.8,done
455.67,33,2279.779815,partial,0.9333333333333333,done
403.83,67,2286.476035,partial,0.8,done
409.67,83,2295.525512,partial,0.9333333333333333,done
423.03,47,2301.293921,partial,0.8,done
61.7,80,2307.488336,incomplete,0.0,questions.html
35.8,70,2313.41459,incomplete,0.0,questions.html
400.3,70,2322.502875,partial,0.9333333333333333,done
447.38,62,2328.790287,partial,0.9333333333333333,done
266.86,64,2334.453528,partial,0.7333333333333333,done
252.04,46,2339.389805,partial,0.7333333333333333,done
438.94,56,2345.35494,partial,0.9333333333333333,done
441.09,41,2351.033856,partial,0.9333333333333333,done
437.84,66,2358.954434,partial,0.9333333333333333,done
442.44,56,2364.888564,partial,0.8,done
478.92,58,2370.486474,partial,0.9333333333333333,done
423.71,29,2375.006416,partial,0.8,done
406.68,32,2380.47787,partial,0.8,done
424.59,91,2391.286707,partial,0.9333333333333333,done
233.87,63,2395.902472,partial,0.7333333333333333,done
156.5,50,2400.831604,partial,0.6666666666666666,done
428.17,33,2405.136443,partial,0.8666666666666667,done
417.43,57,2411.544956,partial,0.8,done
428.32,68,2418.986166,partial,0.9333333333333333,done
437.88,62,2425.77216,partial,0.9333333333333333,done
48.4,60,2429.956174,incomplete,0.0,questions.html
435.81,69,2439.241176,partial,0.9333333333333333,done
421.76,74,2447.269841,partial,0.9333333333333333,done
423.76,74,2456.283173,partial,0.9333333333333333,done
391.38,62,2462.43469,partial,0.8,done
452.84,66,2467.768201,partial,0.9333333333333333,done
447.32,68,2474.922194,partial,0.8,done
404.44,56,2482.304302,partial,0.8666666666666667,done
408.54,46,2487.618243,partial,0.8,done
409.12,38,2491.829339,partial,0.8,done
267.48,52,2496.916579,partial,0.7333333333333333,done
451.39,61,2502.383217,partial,0.9333333333333333,done
118.59,41,2506.449066,incomplete,0.0,experience.html
447.5,50,2511.641461,partial,0.9333333333333333,done
392.37,63,2518.551505,partial,0.8666666666666667,done
133.27,73,2524.740191,incomplete,0.0,review.html
92.64,86,2531.749511,incomplete,0.0,questions.html
416.04,46,2537.124725,partial,0.8,done
417.69,81,2543.877983,partial,0.9333333333333333,done
422.27,73,2551.964235,partial,0.8,done
423.8,70,2559.912353,partial,0.9333333333333333,done
443.4,60,2565.532266,partial,0.9333333333333333,done
417.48,52,2572.879519,partial,0.9333333333333333,done
444.76,74,2579.63258,partial,0.9333333333333333,done
251.01,49,2584.072063,partial,0.7333333333333333,done
267.54,46,2589.291354,partial,0.7333333333333333,done
425.66,34,2593.673998,partial,0.8,done
403.05,45,2598.577975,partial,0.8,done
100.4,60,2603.126798,incomplete,0.0,review.html
397.38,62,2608.102718,partial,0.8,done
406.95,55,2614.267042,partial,0.8666666666666667,done
459.89,61,2620.371854,partial,0.9333333333333333,done
450.03,47,2625.988548,partial,0.9333333333333333,done
426.92,58,2631.952045,partial,0.8666666666666667,done
408.03,47,2636.83299,partial,0.8,done
164.06,44,2641.490587,partial,0.6666666666666666,done
463.51,49,2647.065863,partial,0.9333333333333333,done
143.39,61,2652.726753,incomplete,0.0,review.html
409.58,42,2657.316558,partial,0.8,done
256.55,45,2663.461772,partial,0.7333333333333333,done
390.87,63,2668.510257,partial,0.8666666666666667,done
454.31,69,2674.459341,partial,0.9333333333333333,done
66.59,41,2678.168014,incomplete,0.0,index.html
416.43,57,2684.621981,partial,0.8666666666666667,done
400.56,44,2689.750674,partial,0.8666666666666667,done
424.43,57,2695.459043,partial,0.8666666666666667,done
451.76,74,2702.523923,partial,0.9333333333333333,done
464.83,67,2709.974905,partial,0.9333333333333333,done
256.4,60,2715.95597,partial,0.7333333333333333,done
423.31,69,2725.530329,partial,0.8666666666666667,done
417.42,58,2731.022648,partial,0.8,done
418.58,42,2736.771569,partial,0.8,done
415.45,55,2742.586248,partial,0.8666666666666667,done
414.6,40,2748.054994,partial,0.8,done
252.03,47,2752.991279,partial,0.7333333333333333,done
422.33,67,2758.827651,partial,0.8666666666666667,done
251.19,31,2762.355719,partial,0.7333333333333333,done
424.45,55,2770.016465,partial,0.9333333333333333,done
487.36,64,2777.475288,partial,0.9333333333333333,done
437.94,56,2785.488364,partial,0.9333333333333333,done
456.37,63,2792.155379,partial,0.9333333333333333,done
458.09,41,2797.345634,partial,0.9333333333333333,done
386.86,64,2804.911917,partial,0.8,done
448.84,66,2812.675358,partial,0.9333333333333333,done
448.98,52,2818.89211,partial,0.9333333333333333,done
412.5,50,2824.293224,partial,0.8,done
411.2,30,2828.102726,partial,0.8,done
142.63,37,2831.978834,partial,0.6666666666666666,done
157.07,43,2836.718591,partial,0.6666666666666666,done
468.04,96,2845.79262,partial,0.9333333333333333,done
406.63,37,2849.805359,partial,0.8666666666666667,done
405.51,49,2855.43917,partial,0.8666666666666667,done
426.59,41,2861.117643,partial,0.8666666666666667,done
437.3,70,2869.122717,partial,0.9333333333333333,done
63.82,68,2873.975267,incomplete,0.0,questions.html
417.88,62,2879.625723,partial,0.8666666666666667,done
410.95,55,2885.56135,partial,0.8666666666666667,done
418.44,56,2891.671404,partial,0.8666666666666667,done
431.83,67,2900.701591,partial,0.9333333333333333,done
93.55,45,2904.71048,incomplete,0.0,review.html
465.89,61,2910.600839,partial,0.9333333333333333,done
158.98,52,2915.351239,partial,0.6666666666666666,done
389.03,47,2921.14828,partial,0.8666666666666667,done
409.95,55,2928.280258,partial,0.8,done
183.92,58,2934.13104,partial,0.6666666666666666,done
33.89,61,2939.072364,incomplete,0.0,questions.html
277.2,30,2943.15838,partial,0.7333333333333333,done
420.28,72,2953.228848,partial,0.9333333333333333,done
431.48,52,2958.800924,partial,0.8666666666666667,done
452.98,52,2965.093041,partial,0.9333333333333333,done
376.96,54,2972.558765,partial,0.8666666666666667,done
420.87,63,2979.547662,partial,0.9333333333333333,done
423.53,47,2986.140469,partial,0.8666666666666667,done
450.05,45,2991.627628,partial,0.9333333333333333,done
88.78,72,2997.993392,incomplete,0.0,questions.html
429.46,54,3003.68019,partial,0.8666666666666667,done
149.19,81,3009.322222,incomplete,0.0,review.html
289.42,58,3017.945315,partial,0.7333333333333333,done
125.8,70,3026.154688,incomplete,0.0,review.html
408.95,55,3032.893823,partial,0.8,done
389.87,63,3039.339288,partial,0.8,done
51.84,66,3044.698475,incomplete,0.0,questions.html
450.62,38,3050.545028,partial,0.9333333333333333,done
256.06,44,3055.884203,partial,0.7333333333333333,done
190.88,62,3061.629884,partial,0.6666666666666666,done
95.79,71,3066.606996,incomplete,0.0,review.html
406.49,51,3072.099207,partial,0.8666666666666667,done
436.79,71,3082.306021,partial,0.9333333333333333,done
412.07,43,3087.348062,partial,0.8,done
390.99,51,3094.774169,partial,0.8666666666666667,done
412.64,86,3107.572814,partial,0.9333333333333333,done
470.47,53,3113.278716,partial,0.9333333333333333,done
433.46,54,3120.878544,partial,0.9333333333333333,done
399.81,69,3129.400606,partial,0.8666666666666667,done
427.08,42,3135.06681,partial,0.8,done
385.54,46,3140.890667,partial,0.8666666666666667,done
157.16,34,3144.971648,partial,0.6666666666666666,done
428.2,80,3152.960545,partial,0.9333333333333333,done
443.39,61,3158.86425,partial,0.9333333333333333,done
408.25,25,3163.354177,partial,0.8666666666666667,done
459.49,51,3168.685478,partial,0.9333333333333333,done
403.93,57,3174.126888,partial,0.8666666666666667,done
47.23,77,3182.605968,incomplete,0.0,review.html
430.68,82,3189.500365,partial,0.9333333333333333,done
428.2,80,3197.625408,partial,0.8,done
437.92,58,3206.118177,partial,0.9333333333333333,done
453.56,44,3211.759758,partial,0.9333333333333333,done
457.39,61,3218.206184,partial,0.9333333333333333,done
107.37,63,3223.62196,incomplete,0.0,review.html
453.48,52,3229.219252,partial,0.9333333333333333,done
436.44,56,3236.054622,partial,0.8666666666666667,done
405.44,56,3241.741373,partial,0.8666666666666667,done
446.13,87,3254.054714,partial,0.9333333333333333,done
260.98,52,3259.886412,partial,0.7333333333333333,done
406.54,46,3265.28018,partial,0.8666666666666667,done
45.87,63,3270.286919,incomplete,0.0,questions.html
401.52,48,3277.622745,partial,0.8666666666666667,done
407.44,56,3284.431531,partial,0.8666666666666667,done
438.89,61,3291.411574,partial,0.9333333333333333,done
428.97,53,3300.319823,partial,0.9333333333333333,done
441.53,47,3306.333706,partial,0.8666666666666667,done
408.11,39,3310.827047,partial,0.8666666666666667,done
414.13,87,3319.216015,partial,0.9333333333333333,done
398.47,53,3326.666364,partial,0.8666666666666667,done
401.0,50,3331.893582,partial,0.8,done
403.42,58,3338.200658,partial,0.8666666666666667,done
176.14,36,3342.714436,partial,0.6666666666666666,done
97.2,80,3349.716847,incomplete,0.0,questions.html
453.61,39,3355.385432,partial,0.9333333333333333,done
394.03,47,3361.574224,partial,0.8666666666666667,done
99.31,69,3369.92466,incomplete,0.0,review.html
382.47,103,3383.091388,partial,0.9333333333333333,done
269.91,59,3390.917774,partial,0.7333333333333333,done
378.33,67,3398.327978,partial,0.8666666666666667,done
103.59,41,3402.689311,incomplete,0.0,experience.html
247.68,32,3407.018472,partial,0.7333333333333333,done
404.65,35,3411.019825,partial,0.8666666666666667,done
409.4,60,3420.796784,partial,0.9333333333333333,done
415.51,49,3427.40258,partial,0.8666666666666667,done
170.54,46,3433.209266,partial,0.6666666666666666,done
149.32,68,3438.794553,incomplete,0.0,review.html
485.09,91,3447.510534,partial,0.9333333333333333,done
442.54,46,3453.329888,partial,0.9333333333333333,done
417.93,57,3462.335696,partial,0.8666666666666667,done
398.5,50,3467.46427,partial,0.8666666666666667,done
399.52,48,3475.931801,partial,0.8666666666666667,done
409.71,79,3486.058078,partial,0.9333333333333333,done
421.87,63,3493.818679,partial,0.8666666666666667,done
439.63,87,3502.264466,partial,0.9333333333333333,done
269.07,43,3507.205722,partial,0.7333333333333333,done
411.15,35,3512.217633,partial,0.8666666666666667,done
244.47,53,3516.710331,partial,0.7333333333333333,done
274.56,44,3522.759887,partial,0.7333333333333333,done
273.6,40,3527.352612,partial,0.7333333333333333,done
148.3,70,3533.396425,partial,0.6666666666666666,done
270.08,42,3538.534795,partial,0.7333333333333333,done
409.54,46,3543.047952,partial,0.8666666666666667,done
449.34,66,3550.72252,partial,0.9333333333333333,done
442.32,68,3558.005852,partial,0.9333333333333333,done
397.0,50,3563.390723,partial,0.8,done
417.94,56,3569.377017,partial,0.8,done
406.43,57,3574.388688,partial,0.8,done
432.46,54,3580.649602,partial,0.8,done
428.9,60,3587.875172,partial,0.8666666666666667,done
240.6,40,3592.566537,partial,0.7333333333333333,done
470.04,46,3597.465512,partial,0.9333333333333333,done
424.44,56,3603.632253,partial,0.8,done
410.19,81,3614.689718,partial,0.9333333333333333,done
398.98,52,3620.632605,partial,0.8666666666666667,done
423.57,43,3626.327936,partial,0.8666666666666667,done
454.56,44,3631.409554,partial,0.9333333333333333,done
125.25,75,3636.862363,incomplete,0.0,review.html
459.17,83,3644.498702,partial,0.9333333333333333,done
422.0,50,3650.389144,partial,0.8666666666666667,done
170.58,42,3655.195585,partial,0.6666666666666666,done
457.52,48,3660.466587,partial,0.9333333333333333,done
86.25,75,3665.666986,incomplete,0.0,review.html
112.88,62,3672.541897,incomplete,0.0,review.html
411.11,39,3677.718746,partial,0.8666666666666667,done
460.4,60,3684.374213,partial,0.8,done
420.13,37,3689.592941,partial,0.8666666666666667,done
409.13,37,3694.330399,partial,0.8,done
437.38,62,3703.217495,partial,0.8666666666666667,done
421.07,43,3708.871808,partial,0.8666666666666667,done
459.56,44,3715.774279,partial,0.9333333333333333,done
377.95,55,3722.505797,partial,0.8,done
86.5,50,3726.173009,incomplete,0.0,review.html
48.59,41,3730.236287,incomplete,0.0,index.html
382.96,54,3737.185051,partial,0.8,done
417.36,64,3743.71111,partial,0.8666666666666667,done
413.0,50,3749.283541,partial,0.8,done
475.95,55,3755.507663,partial,0.9333333333333333,done
270.55,45,3760.430284,partial,0.7333333333333333,done
146.7,80,3767.911854,incomplete,0.0,review.html
386.49,51,3773.881916,partial,0.8,done
453.96,54,3779.794125,partial,0.9333333333333333,done
439.47,53,3785.796086,partial,0.8666666666666667,done
411.39,61,3793.56872,partial,0.8666666666666667,done
255.94,56,3800.51862,partial,0.7333333333333333,done
420.56,44,3805.20069,partial,0.8,done
424.54,46,3812.134228,partial,0.8666666666666667,done
395.06,44,3816.549563,partial,0.8666666666666667,done
426.3,70,3822.57702,partial,0.8666666666666667,done
413.96,54,3828.240185,partial,0.8666666666666667,done
147.0,50,3832.730327,partial,0.6666666666666666,done
400.4,60,3838.136937,partial,0.8,done
442.01,49,3844.6953,partial,0.9333333333333333,done
385.98,52,3851.209997,partial,0.8666666666666667,done
166.93,57,3857.063885,incomplete,0.0,review.html
447.94,56,3863.434089,partial,0.9333333333333333,done
258.07,43,3868.30316,partial,0.7333333333333333,done
444.31,69,3876.551364,partial,0.9333333333333333,done
432.37,63,3883.53171,partial,0.9333333333333333,done
415.85,65,3891.601342,partial,0.8,done
465.45,55,3897.014719,partial,0.9333333333333333,done
69.76,74,3902.297622,incomplete,0.0,review.html
269.58,42,3906.861579,partial,0.7333333333333333,done
408.11,39,3911.645669,partial,0.8,done
412.8,70,3920.878943,partial,0.8666666666666667,done
390.83,67,3926.36205,partial,0.8,done
413.01,49,3931.716233,partial,0.8,done
425.44,56,3938.323815,partial,0.8666666666666667,done
428.96,54,3944.642781,partial,0.9333333333333333,done
390.63,37,3950.346457,partial,0.8,done
413.57,43,3955.480669,partial,0.8666666666666667,done
392.48,52,3962.088981,partial,0.8666666666666667,done
456.29,71,3968.020749,partial,0.9333333333333333,done
423.34,66,3977.909083,partial,0.9333333333333333,done
451.45,105,3989.286998,partial,0.9333333333333333,done
111.39,61,3994.18401,incomplete,0.0,review.html
416.95,55,3999.045043,partial,0.8,done
396.96,54,4003.887717,partial,0.8666666666666667,done
400.96,54,4010.307292,partial,0.8666666666666667,done
469.46,54,4016.439215,partial,0.9333333333333333,done
386.89,61,4022.523923,partial,0.8666666666666667,done
426.45,55,4030.868681,partial,0.9333333333333333,done
440.05,45,4036.691605,partial,0.8666666666666667,done
441.95,55,4043.56935,partial,0.9333333333333333,done
401.49,51,4049.409693,partial,0.8666666666666667,done
418.9,60,4059.376247,partial,0.9333333333333333,done
409.93,57,4066.09509,partial,0.8,done
390.41,59,4071.175765,partial,0.8,done
428.44,56,4077.872035,partial,0.8,done
424.98,52,4083.989354,partial,0.8,done
395.38,62,4090.546683,partial,0.8666666666666667,done
389.96,54,4096.392831,partial,0.8,done
166.99,51,4101.529043,partial,0.6666666666666666,done
431.58,42,4106.433949,partial,0.8666666666666667,done
460.21,79,4113.839045,partial,0.9333333333333333,done
165.98,52,4119.446126,partial,0.6666666666666666,done
439.27,73,4124.999616,partial,0.9333333333333333,done
425.53,47,4131.960906,partial,0.8666666666666667,done
412.94,56,4139.697858,partial,0.8666666666666667,done
449.34,66,4147.516827,partial,0.8666666666666667,done
400.35,65,4154.734175,partial,0.8666666666666667,done
484.93,57,4160.751174,partial,0.9333333333333333,done
434.27,73,4169.715194,partial,0.9333333333333333,done
149.42,58,4175.740925,incomplete,0.0,review.html
468.1,40,4182.171781,partial,0.9333333333333333,done
405.01,49,4187.054147,partial,0.8666666666666667,done
441.88,62,4194.286117,partial,0.8,done
438.35,65,4202.382363,partial,0.9333333333333333,done
424.97,53,4208.937894,partial,0.8666666666666667,done
421.04,46,4214.275458,partial,0.8,done
160.07,43,4218.883127,partial,0.6666666666666666,done
408.68,32,4222.549061,partial,0.8666666666666667,done
461.82,68,4230.916723,partial,0.9333333333333333,done
264.03,47,4239.19856,partial,0.7333333333333333,done
441.96,54,4245.802354,partial,0.9333333333333333,done
411.11,39,4253.482932,partial,0.8,done
246.68,32,4257.976327,partial,0.7333333333333333,done
264.0,50,4263.526903,partial,0.7333333333333333,done
455.55,45,4269.293944,partial,0.9333333333333333,done
431.04,46,4275.838922,partial,0.8,done
420.34,66,4282.687927,partial,0.8666666666666667,done
435.03,47,4289.695753,partial,0.8,done
399.95,55,4297.301648,partial,0.8666666666666667,done
247.87,63,4303.994573,partial,0.7333333333333333,done
420.02,48,4310.269819,partial,0.8,done
416.43,57,4317.262018,partial,0.8666666666666667,done
267.47,53,4323.348631,partial,0.7333333333333333,done
409.98,52,4330.253033,partial,0.8666666666666667,done
415.65,35,4335.747228,partial,0.8,done
451.92,58,4344.690093,partial,0.9333333333333333,done
44.67,83,4353.089999,incomplete,0.0,questions.html
127.57,93,4360.677408,incomplete,0.0,review.html
438.32,68,4368.799325,partial,0.9333333333333333,done
451.46,54,4376.191486,partial,0.9333333333333333,done
262.63,37,4380.451833,partial,0.7333333333333333,done
423.54,46,4385.882328,partial,0.8666666666666667,done
136.27,73,4390.736165,incomplete,0.0,review.html
416.65,35,4394.861995,partial,0.8,done
410.44,56,4400.548923,partial,0.8666666666666667,done
454.33,67,4408.411028,partial,0.9333333333333333,done
51.59,41,4412.885442,incomplete,0.0,index.html
101.97,53,4417.304833,incomplete,0.0,review.html
416.49,51,4423.372094,partial,0.8666666666666667,done
416.72,78,4432.727217,partial,0.9333333333333333,done
407.99,51,4437.807664,partial,0.8666666666666667,done
405.45,55,4444.438123,partial,0.8666666666666667,done
404.58,42,4449.132266,partial,0.8666666666666667,done
458.54,46,4454.49285,partial,0.9333333333333333,done
437.32,68,4462.220395,partial,0.9333333333333333,done
435.62,88,4473.263656,partial,0.9333333333333333,done
434.36,64,4481.270906,partial,0.9333333333333333,done
134.21,79,4487.028926,incomplete,0.0,review.html
418.11,39,4491.982858,partial,0.8666666666666667,done
411.94,56,4497.743498,partial,0.8,done
468.27,73,4507.16775,partial,0.9333333333333333,done
414.35,65,4514.00499,partial,0.8666666666666667,done
403.15,35,4519.013724,partial,0.8,done
418.44,56,4526.185147,partial,0.8666666666666667,done
432.94,56,4533.569708,partial,0.9333333333333333,done
58.65,85,4543.76921,incomplete,0.0,questions.html
407.45,55,4551.012275,partial,0.8666666666666667,done
401.48,52,4556.684966,partial,0.8666666666666667,done
254.98,52,4562.827641,partial,0.7333333333333333,done
406.74,76,4572.609734,partial,0.8666666666666667,done
416.45,55,4579.679162,partial,0.8666666666666667,done
88.96,54,4584.809985,incomplete,0.0,review.html
398.1,40,4590.858074,partial,0.8,done
275.56,44,4596.232745,partial,0.7333333333333333,done
400.88,62,4602.841503,partial,0.8666666666666667,done
448.97,53,4610.641929,partial,0.8666666666666667,done
415.12,38,4616.885366,partial,0.8666666666666667,done
149.13,37,4621.448451,partial,0.6666666666666666,done
455.91,59,4630.020608,partial,0.9333333333333333,done
391.36,64,4637.371002,partial,0.8666666666666667,done
420.84,66,4645.135095,partial,0.8,done
447.77,73,4657.279519,partial,0.9333333333333333,done
122.87,63,4663.37405,incomplete,0.0,review.html
478.27,73,4671.028024,partial,0.9333333333333333,done
472.26,74,4680.379186,partial,0.9333333333333333,done
170.56,44,4686.094504,partial,0.6666666666666666,done
293.88,62,4692.410312,partial,0.7333333333333333,done
132.39,61,4696.699335,incomplete,0.0,review.html
434.11,89,4705.439472,partial,0.9333333333333333,done
239.4,60,4711.550552,partial,0.7333333333333333,done
424.27,73,4720.789391,partial,0.9333333333333333,done
435.01,49,4726.362219,partial,0.8,done
451.55,45,4731.507071,partial,0.9333333333333333,done
416.5,50,4736.768262,partial,0.8,done
175.01,49,4742.243916,partial,0.6666666666666666,done
476.75,75,4750.645624,partial,0.9333333333333333,done
451.73,77,4759.070798,partial,0.9333333333333333,done
414.34,66,4766.086279,partial,0.8666666666666667,done
425.41,59,4772.462748,partial,0.8666666666666667,done
420.01,49,4778.500952,partial,0.8666666666666667,done
427.38,62,4787.8278,partial,0.8,done
453.46,54,4794.449672,partial,0.9333333333333333,done
443.32,68,4803.073843,partial,0.9333333333333333,done
101.09,41,4807.041909,incomplete,0.0,review.html
382.41,59,4813.631459,partial,0.8666666666666667,done
57.59,41,4819.057439,incomplete,0.0,index.html
389.91,59,4826.466599,partial,0.8666666666666667,done
396.42,58,4832.304653,partial,0.8,done
403.84,66,4839.735561,partial,0.8,done
424.71,79,4849.644202,partial,0.8666666666666667,done
400.38,62,4856.360878,partial,0.8,done
160.56,44,4861.820872,partial,0.6666666666666666,done
405.31,69,4868.254731,partial,0.8,done
392.92,58,4875.446549,partial,0.8666666666666667,done
451.38,62,4885.913354,partial,0.9333333333333333,done
405.53,47,4893.77028,partial,0.8,done
439.91,59,4900.997138,partial,0.8666666666666667,done
249.55,45,4906.283212,partial,0.7333333333333333,done
430.05,45,4912.206257,partial,0.8666666666666667,done
433.53,47,4919.038059,partial,0.9333333333333333,done
437.36,64,4927.567844,partial,0.9333333333333333,done
406.96,54,4933.715155,partial,0.8666666666666667,done
274.07,43,4939.650514,partial,0.7333333333333333,done
462.79,71,4948.761271,partial,0.9333333333333333,done
447.03,47,4956.444268,partial,0.9333333333333333,done
452.95,55,4964.33234,partial,0.9333333333333333,done
145.55,95,4973.061631,incomplete,0.0,review.html
438.86,64,4979.849939,partial,0.9333333333333333,done
468.52,48,4987.419289,partial,0.9333333333333333,done
481.22,78,4996.747591,partial,0.9333333333333333,done
447.94,56,5005.07987,partial,0.9333333333333333,done
396.77,73,5013.704302,partial,0.8666666666666667,done
413.43,57,5019.861028,partial,0.8666666666666667,done
399.4,60,5025.497578,partial,0.8,done
60.59,41,5029.631784,incomplete,0.0,index.html
271.82,68,5037.722084,partial,0.7333333333333333,done
269.23,27,5041.689971,partial,0.7333333333333333,done
258.07,43,5046.487271,partial,0.7333333333333333,done
434.0,50,5053.390067,partial,0.9333333333333333,done
429.32,68,5061.995728,partial,0.8666666666666667,done
416.98,52,5073.244001,partial,0.9333333333333333,done
417.64,86,5082.391621,partial,0.9333333333333333,done
429.84,66,5090.883419,partial,0.9333333333333333,done
275.91,59,5100.352707,partial,0.7333333333333333,done
386.96,54,5106.885041,partial,0.8666666666666667,done
260.63,37,5112.207078,partial,0.7333333333333333,done
396.96,54,5119.347577,partial,0.8666666666666667,done
114.77,73,5126.957984,incomplete,0.0,review.html
409.67,33,5132.967046,partial,0.8666666666666667,done
408.59,41,5139.248461,partial,0.8,done
440.4,60,5148.588107,partial,0.9333333333333333,done
257.7,30,5153.788788,partial,0.7333333333333333,done
388.92,58,5160.350811,partial,0.8666666666666667,done
388.96,54,5167.847775,partial,0.8666666666666667,done
377.23,77,5176.615206,partial,0.8666666666666667,done
461.96,54,5185.908877,partial,0.9333333333333333,done
389.03,47,5192.78205,partial,0.8,done
400.11,39,5197.533654,partial,0.8,done
406.15,35,5201.976017,partial,0.8,done
429.48,52,5210.450705,partial,0.9333333333333333,done
436.85,65,5221.242862,partial,0.9333333333333333,done
392.02,48,5227.764501,partial,0.8,done
411.64,36,5232.416994,partial,0.8,done
268.64,36,5236.506653,partial,0.7333333333333333,done
402.62,38,5241.536405,partial,0.8,done
469.18,82,5249.85692,partial,0.9333333333333333,done
412.38,62,5256.282087,partial,0.8,done
402.1,40,5261.206375,partial,0.8666666666666667,done
413.5,50,5266.472082,partial,0.8666666666666667,done
431.39,61,5272.583793,partial,0.8666666666666667,done
413.56,44,5278.140111,partial,0.8666666666666667,done
443.97,53,5285.824541,partial,0.9333333333333333,done
435.85,65,5292.944887,partial,0.9333333333333333,done
385.0,50,5298.00454,partial,0.8,done
437.32,68,5305.752843,partial,0.9333333333333333,done
389.4,60,5313.049481,partial,0.8666666666666667,done
428.56,44,5317.964035,partial,0.8,done
482.34,66,5324.561019,partial,0.9333333333333333,done
260.55,45,5329.668268,partial,0.7333333333333333,done
440.44,56,5336.789095,partial,0.9333333333333333,done
453.39,61,5343.585822,partial,0.9333333333333333,done
404.87,63,5350.953705,partial,0.8,done
247.42,58,5356.990666,partial,0.7333333333333333,done
393.08,42,5363.133636,partial,0.8666666666666667,done
100.25,75,5371.133881,incomplete,0.0,review.html
279.13,37,5376.913756,partial,0.7333333333333333,done
424.36,64,5385.623881,partial,0.8666666666666667,done
402.69,31,5390.329792,partial,0.8,done
145.07,43,5395.647075,partial,0.6666666666666666,done
408.49,51,5403.889436,partial,0.8,done
289.04,46,5410.752076,partial,0.7333333333333333,done
435.37,63,5417.489665,partial,0.9333333333333333,done
147.54,46,5422.264145,incomplete,0.0,review.html
455.5,50,5429.456189,partial,0.9333333333333333,done
367.86,64,5438.467749,partial,0.8666666666666667,done
449.43,57,5445.405383,partial,0.9333333333333333,done
416.49,51,5452.043339,partial,0.8666666666666667,done
57.59,41,5457.288566,incomplete,0.0,index.html
74.87,63,5463.184196,incomplete,0.0,questions.html
240.1,40,5469.628598,partial,0.7333333333333333,done
485.04,46,5476.707028,partial,0.9333333333333333,done
256.08,42,5482.31264,partial,0.7333333333333333,done
447.05,45,5487.695968,partial,0.9333333333333333,done
457.36,64,5495.632689,partial,0.9333333333333333,done
418.16,34,5501.388794,partial,0.8666666666666667,done
453.83,67,5510.144781,partial,0.9333333333333333,done
274.53,47,5516.511493,partial,0.7333333333333333,done
424.5,50,5524.005027,partial,0.9333333333333333,done
449.41,59,5530.770428,partial,0.9333333333333333,done
426.27,73,5538.392356,partial,0.9333333333333333,done
447.41,59,5546.706692,partial,0.9333333333333333,done
446.44,56,5553.404247,partial,0.8,done
418.89,61,5561.703939,partial,0.8666666666666667,done
424.74,76,5569.488662,partial,0.9333333333333333,done
423.49,51,5575.88883,partial,0.8666666666666667,done
418.57,43,5581.772986,partial,0.8,done
467.72,78,5591.097147,partial,0.9333333333333333,done
418.63,37,5596.575044,partial,0.8666666666666667,done
434.55,45,5603.460275,partial,0.8,done
442.4,60,5612.010056,partial,0.8,done
401.96,54,5617.879196,partial,0.8,done
451.03,97,5626.854816,partial,0.9333333333333333,done
452.32,68,5635.012944,partial,0.9333333333333333,done
487.4,60,5643.033686,partial,0.9333333333333333,done
452.29,71,5652.739751,partial,0.9333333333333333,done
376.93,57,5661.924699,partial,0.8666666666666667,done
403.1,40,5667.26465,partial,0.8,done
407.64,36,5672.723108,partial,0.8,done
421.07,43,5678.046715,partial,0.8666666666666667,done
277.01,49,5684.223218,partial,0.7333333333333333,done
416.99,51,5690.955059,partial,0.8,done
453.67,83,5700.480608,partial,0.9333333333333333,done
405.94,56,5706.107475,partial,0.8666666666666667,done
467.34,66,5713.805044,partial,0.9333333333333333,done
469.45,55,5721.354016,partial,0.9333333333333333,done
411.83,67,5731.97354,partial,0.9333333333333333,done
395.82,68,5738.690694,partial,0.8666666666666667,done
391.79,71,5748.52575,partial,0.8666666666666667,done
416.65,35,5753.495666,partial,0.8666666666666667,done
60.59,41,5758.351295,incomplete,0.0,index.html
450.56,44,5764.130196,partial,0.9333333333333333,done
147.98,52,5769.351235,partial,0.6666666666666666,done
416.04,46,5774.345821,partial,0.8666666666666667,done
439.71,79,5782.389547,partial,0.9333333333333333,done
435.21,79,5793.496324,partial,0.8666666666666667,done
426.12,38,5799.324695,partial,0.8,done
467.55,95,5807.63346,partial,0.9333333333333333,done
414.17,33,5811.876052,partial,0.8666666666666667,done
483.33,67,5819.452228,partial,0.9333333333333333,done
156.25,75,5826.006985,incomplete,0.0,review.html
409.94,56,5831.675589,partial,0.8,done
48.59,41,5836.136058,incomplete,0.0,index.html
481.34,66,5845.101197,partial,0.9333333333333333,done
441.87,63,5852.011625,partial,0.8666666666666667,done
417.62,38,5856.680179,partial,0.8,done
453.35,65,5863.142964,partial,0.9333333333333333,done
417.05,45,5868.507424,partial,0.8666666666666667,done
57.59,41,5872.947565,incomplete,0.0,index.html
416.95,55,5879.861223,partial,0.9333333333333333,done
140.44,56,5884.935191,incomplete,0.0,review.html
420.48,52,5891.635455,partial,0.8,done
357.82,68,5898.715316,partial,0.8666666666666667,done
453.92,58,5904.481678,partial,0.9333333333333333,done
416.19,31,5908.917839,partial,0.8,done
432.3,70,5919.874439,partial,0.9333333333333333,done
446.79,71,5927.988668,partial,0.9333333333333333,done
443.8,70,5935.462175,partial,0.8666666666666667,done
248.08,42,5939.701096,partial,0.7333333333333333,done
269.14,36,5943.958802,partial,0.7333333333333333,done
455.42,58,5949.781091,partial,0.9333333333333333,done
457.31,69,5957.061108,partial,0.9333333333333333,done
429.94,56,5962.859883,partial,0.8666666666666667,done
455.43,57,5969.315349,partial,0.9333333333333333,done
467.92,58,5975.715018,partial,0.9333333333333333,done
403.56,94,5985.002993,partial,0.8666666666666667,done
383.8,70,5993.494001,partial,0.8,done
417.1,40,5998.021297,partial,0.8,done
463.43,57,6003.911716,partial,0.8666666666666667,done
444.62,88,6010.989611,partial,0.8,done
439.15,85,6017.693072,partial,0.9333333333333333,done
460.08,42,6023.226828,partial,0.9333333333333333,done
416.15,35,6027.879908,partial,0.8666666666666667,done
57.59,41,6032.512956,incomplete,0.0,index.html
420.27,73,6040.692744,partial,0.9333333333333333,done
414.41,59,6049.787764,partial,0.9333333333333333,done
420.11,39,6054.687225,partial,0.8,done
404.56,44,6059.382079,partial,0.8666666666666667,done
397.54,46,6064.633915,partial,0.8,done
401.01,49,6070.951991,partial,0.8666666666666667,done
66.59,41,6075.36303,incomplete,0.0,index.html
273.64,36,6080.782324,partial,0.7333333333333333,done
403.77,73,6089.769778,partial,0.8666666666666667,done
422.74,76,6099.002908,partial,0.9333333333333333,done
443.45,55,6104.14259,partial,0.9333333333333333,done
409.04,46,6110.334529,partial,0.8,done
460.83,67,6117.752369,partial,0.9333333333333333,done
417.36,64,6124.358704,partial,0.9333333333333333,done
466.5,50,6129.796075,partial,0.9333333333333333,done
178.47,53,6135.114567,partial,0.6666666666666666,done
51.59,41,6138.910332,incomplete,0.0,index.html
78.75,75,6145.919082,incomplete,0.0,review.html
469.07,43,6151.550988,partial,0.9333333333333333,done
402.6,40,6155.959104,partial,0.8666666666666667,done
141.84,66,6160.533298,incomplete,0.0,review.html
259.62,38,6165.110462,partial,0.7333333333333333,done
427.66,84,6174.307526,partial,0.9333333333333333,done
89.26,74,6179.371966,incomplete,0.0,review.html
99.4,60,6183.468018,incomplete,0.0,review.html
84.17,83,6190.002797,incomplete,0.0,questions.html
453.34,66,6198.44304,partial,0.9333333333333333,done
429.99,51,6203.720796,partial,0.8,done
447.6,40,6208.618955,partial,0.9333333333333333,done
462.54,46,6213.920369,partial,0.9333333333333333,done
413.42,58,6219.378702,partial,0.8666666666666667,done
402.51,49,6226.168241,partial,0.8666666666666667,done
394.4,60,6233.417118,partial,0.8666666666666667,done
398.0,50,6238.643707,partial,0.8,done
447.23,77,6245.610021,partial,0.9333333333333333,done
456.84,66,6252.337856,partial,0.9333333333333333,done
427.89,61,6258.880744,partial,0.9333333333333333,done
411.41,59,6265.451347,partial,0.8666666666666667,done
408.04,46,6271.939862,partial,0.8666666666666667,done
429.36,64,6277.639095,partial,0.8,done
51.59,41,6281.724791,incomplete,0.0,index.html
407.3,70,6289.683813,partial,0.8,done
407.43,57,6296.142535,partial,0.8666666666666667,done
387.92,58,6303.047671,partial,0.8,done
426.38,62,6310.626473,partial,0.9333333333333333,done
456.34,66,6316.679759,partial,0.9333333333333333,done
432.34,66,6323.897612,partial,0.9333333333333333,done
405.92,58,6330.947555,partial,0.8666666666666667,done
434.7,80,6337.821664,partial,0.9333333333333333,done
404.6,40,6341.902473,partial,0.8,done
428.83,67,6348.680508,partial,0.9333333333333333,done
83.92,58,6355.153881,incomplete,0.0,review.html
440.82,68,6362.043019,partial,0.9333333333333333,done
132.05,95,6369.989767,incomplete,0.0,review.html
471.01,49,6375.75979,partial,0.9333333333333333,done
424.96,54,6381.370018,partial,0.8666666666666667,done
412.48,52,6387.132729,partial,0.8666666666666667,done
436.51,49,6394.537037,partial,0.8666666666666667,done
436.2,80,6402.087484,partial,0.9333333333333333,done
451.34,66,6408.946403,partial,0.9333333333333333,done
386.39,61,6414.104568,partial,0.8666666666666667,done
396.28,72,6420.30144,partial,0.8666666666666667,done
412.62,38,6425.053466,partial,0.8666666666666667,done
258.59,41,6430.34254,partial,0.7333333333333333,done
402.55,45,6436.986133,partial,0.8,done
424.89,61,6443.049431,partial,0.9333333333333333,done
272.51,49,6448.197462,partial,0.7333333333333333,done
144.77,73,6453.768225,incomplete,0.0,review.html
478.8,70,6462.497482,partial,0.9333333333333333,done
453.92,58,6467.65832,partial,0.9333333333333333,done
419.6,40,6473.086528,partial,0.8666666666666667,done
409.91,59,6479.852072,partial,0.8666666666666667,done
391.32,68,6487.882295,partial,0.8666666666666667,done
416.9,60,6494.090547,partial,0.8,done
72.59,41,6498.997331,incomplete,0.0,index.html
412.47,53,6505.73741,partial,0.8666666666666667,done
434.49,51,6513.444837,partial,0.9333333333333333,done
430.38,62,6522.588335,partial,0.9333333333333333,done
416.87,63,6529.351062,partial,0.8666666666666667,done
168.58,42,6534.84384,partial,0.6666666666666666,done
458.71,79,6544.409393,partial,0.9333333333333333,done
432.4,60,6554.458091,partial,0.8666666666666667,done
271.52,48,6561.113471,partial,0.7333333333333333,done
436.86,64,6569.22745,partial,0.9333333333333333,done
423.45,55,6575.388604,partial,0.8,done
425.39,61,6581.963851,partial,0.8666666666666667,done
171.59,41,6587.618859,partial,0.6666666666666666,done
444.44,56,6595.954965,partial,0.8666666666666667,done
461.6,40,6602.511523,partial,0.9333333333333333,done
479.38,62,6610.064215,partial,0.9333333333333333,done
414.98,52,6616.286595,partial,0.8,done
410.93,57,6623.645844,partial,0.8666666666666667,done
418.44,56,6632.069563,partial,0.8666666666666667,done
101.47,53,6638.043886,incomplete,0.0,review.html
416.88,62,6644.729955,partial,0.8,done
485.83,67,6652.442486,partial,0.9333333333333333,done
471.72,78,6661.228172,partial,0.9333333333333333,done
435.0,50,6668.33738,partial,0.9333333333333333,done
445.94,56,6675.465176,partial,0.9333333333333333,done
442.06,44,6682.870298,partial,0.9333333333333333,done
442.45,55,6690.096328,partial,0.9333333333333333,done
391.42,58,6698.132363,partial,0.8,done
405.01,49,6705.997345,partial,0.8,done
455.54,46,6712.418209,partial,0.9333333333333333,done
443.58,42,6719.382697,partial,0.9333333333333333,done
398.01,49,6725.62511,partial,0.8666666666666667,done
430.24,76,6736.458833,partial,0.9333333333333333,done
405.1,40,6742.705183,partial,0.8,done
386.39,61,6748.00638,partial,0.8,done
398.31,69,6755.947045,partial,0.8666666666666667,done
441.0,50,6763.578689,partial,0.8,done
425.84,66,6775.355386,partial,0.9333333333333333,done
486.89,61,6784.102823,partial,0.9333333333333333,done
377.81,69,6792.947591,partial,0.8666666666666667,done
266.57,43,6797.9221,partial,0.7333333333333333,done
259.14,36,6802.209926,partial,0.7333333333333333,done
385.76,74,6810.015822,partial,0.8666666666666667,done
431.81,69,6819.756162,partial,0.9333333333333333,done
438.45,55,6827.287551,partial,0.9333333333333333,done
408.2,80,6835.819134,partial,0.9333333333333333,done
404.09,41,6841.997237,partial,0.8666666666666667,done
175.02,98,6851.033171,incomplete,0.0,review.html
430.3,70,6859.8873,partial,0.8,done
425.08,42,6865.306699,partial,0.8666666666666667,done
74.85,65,6869.912483,incomplete,0.0,review.html
424.54,46,6876.49096,partial,0.8,done
446.97,53,6883.30586,partial,0.9333333333333333,done
70.76,74,6890.503348,incomplete,0.0,questions.html
391.33,67,6897.994315,partial,0.8,done
424.58,42,6903.078017,partial,0.8,done
407.47,53,6908.891246,partial,0.8666666666666667,done
57.59,41,6914.107514,incomplete,0.0,index.html
429.21,79,6923.456719,partial,0.8666666666666667,done
454.59,41,6928.567662,partial,0.9333333333333333,done
431.0,50,6934.559726,partial,0.8,done
420.62,38,6941.027066,partial,0.8,done
436.17,83,6952.129748,partial,0.9333333333333333,done
482.42,58,6959.750806,partial,0.9333333333333333,done
422.54,46,6965.274847,partial,0.8,done
404.7,80,6974.469139,partial,0.8666666666666667,done
404.92,58,6982.456557,partial,0.8666666666666667,done
396.49,51,6990.779608,partial,0.8666666666666667,done
439.84,66,6999.168696,partial,0.9333333333333333,done
402.59,41,7006.023083,partial,0.8666666666666667,done
398.49,51,7010.816835,partial,0.8666666666666667,done
405.13,37,7015.932222,partial,0.8666666666666667,done
279.17,33,7021.238472,partial,0.7333333333333333,done
99.21,79,7029.889808,incomplete,0.0,review.html
149.37,63,7035.880054,partial,0.6666666666666666,done
164.64,36,7041.046646,partial,0.6666666666666666,done
433.3,70,7047.826558,partial,0.9333333333333333,done
283.34,66,7055.198462,partial,0.7333333333333333,done
415.52,48,7062.56116,partial,0.8,done
418.75,75,7072.649342,partial,0.9333333333333333,done
396.6,40,7077.660671,partial,0.8666666666666667,done
452.1,40,7083.63716,partial,0.9333333333333333,done
403.77,73,7095.567499,partial,0.9333333333333333,done
463.82,68,7104.197819,partial,0.9333333333333333,done
439.77,73,7112.115715,partial,0.9333333333333333,done
471.99,51,7118.395603,partial,0.9333333333333333,done
258.57,43,7124.029415,partial,0.7333333333333333,done
479.42,58,7132.29424,partial,0.9333333333333333,done
387.46,54,7138.87182,partial,0.8,done
419.53,47,7144.685085,partial,0.8666666666666667,done
256.19,31,7150.287988,partial,0.7333333333333333,done
443.57,43,7155.787993,partial,0.9333333333333333,done
416.93,57,7163.258563,partial,0.8666666666666667,done
419.24,76,7171.267221,partial,0.9333333333333333,done
451.97,53,7178.885856,partial,0.9333333333333333,done
456.43,57,7186.153806,partial,0.9333333333333333,done
433.97,53,7193.848095,partial,0.9333333333333333,done
420.59,41,7199.176757,partial,0.8666666666666667,done
426.14,36,7204.771168,partial,0.8,done
433.57,93,7213.782972,partial,0.9333333333333333,done
402.97,53,7219.159653,partial,0.8666666666666667,done
407.88,62,7225.895931,partial,0.8666666666666667,done
417.25,75,7236.46104,partial,0.8,done
403.08,42,7242.587834,partial,0.8666666666666667,done
263.11,39,7247.344674,partial,0.7333333333333333,done
423.0,50,7252.964757,partial,0.8,done
455.63,37,7257.535966,partial,0.9333333333333333,done
412.31,69,7267.80528,partial,0.9333333333333333,done
464.36,64,7276.171729,partial,0.9333333333333333,done
158.01,49,7281.533263,partial,0.6666666666666666,done
419.39,61,7291.501744,partial,0.9333333333333333,done
400.97,53,7298.441059,partial,0.8666666666666667,done
403.05,45,7304.041879,partial,0.8,done
426.76,74,7313.523201,partial,0.8666666666666667,done
438.92,58,7321.724911,partial,0.9333333333333333,done
441.85,65,7328.300524,partial,0.9333333333333333,done
410.87,63,7335.109573,partial,0.8666666666666667,done
419.35,65,7346.529634,partial,0.9333333333333333,done
429.06,44,7354.268872,partial,0.8,done
392.97,53,7360.200896,partial,0.8666666666666667,done
405.47,53,7366.711388,partial,0.8666666666666667,done
457.49,51,7372.314338,partial,0.9333333333333333,done
166.32,68,7379.393469,incomplete,0.0,review.html
400.58,42,7386.340095,partial,0.8,done
414.54,46,7391.90194,partial,0.8666666666666667,done
143.35,65,7397.470716,incomplete,0.0,review.html
238.93,57,7404.912574,partial,0.7333333333333333,done
443.99,51,7412.94243,partial,0.9333333333333333,done
409.13,37,7417.536307,partial,0.8,done
402.41,59,7424.481228,partial,0.8,done
453.05,45,7430.256937,partial,0.9333333333333333,done
31.45,55,7435.277141,incomplete,0.0,questions.html
452.43,57,7443.372936,partial,0.9333333333333333,done
393.37,63,7452.755252,partial,0.8666666666666667,done
408.09,41,7457.995953,partial,0.8,done
473.27,73,7466.17155,partial,0.9333333333333333,done
405.17,33,7470.143162,partial,0.8,done
387.18,82,7478.822087,partial,0.8666666666666667,done
161.06,44,7484.612612,partial,0.6666666666666666,done
407.94,56,7490.666063,partial,0.8,done
102.97,53,7495.490171,incomplete,0.0,review.html
418.98,52,7504.768505,partial,0.9333333333333333,done
455.85,65,7512.116611,partial,0.9333333333333333,done
410.03,47,7519.18049,partial,0.8666666666666667,done
165.68,32,7524.11043,partial,0.6666666666666666,done
171.17,33,7528.587873,partial,0.6666666666666666,done
453.57,43,7534.390817,partial,0.9333333333333333,done
417.47,53,7540.662283,partial,0.8666666666666667,done
439.32,68,7549.706015,partial,0.8666666666666667,done
444.64,36,7555.701658,partial,0.9333333333333333,done
262.2,30,7560.068769,partial,0.7333333333333333,done
142.35,65,7566.23834,partial,0.6666666666666666,done
425.97,53,7573.046691,partial,0.8,done
387.82,68,7580.907109,partial,0.8,done
410.5,50,7588.206106,partial,0.8,done
465.44,56,7594.432129,partial,0.9333333333333333,done
421.97,53,7601.250296,partial,0.8,done
387.38,62,7610.669391,partial,0.8666666666666667,done
410.03,47,7617.370669,partial,0.8666666666666667,done
399.47,53,7623.109894,partial,0.8,done
421.59,41,7629.163229,partial,0.8666666666666667,done
446.45,55,7636.943126,partial,0.9333333333333333,done
435.09,41,7643.660903,partial,0.8666666666666667,done
445.24,76,7652.9757,partial,0.8666666666666667,done
408.06,44,7658.694828,partial,0.8666666666666667,done
448.44,56,7665.016312,partial,0.9333333333333333,done
431.47,53,7671.556731,partial,0.8666666666666667,done
399.91,59,7680.842911,partial,0.8666666666666667,done
430.16,84,7688.407554,partial,0.9333333333333333,done
45.92,58,7692.55587,incomplete,0.0,questions.html
484.23,77,7700.447276,partial,0.9333333333333333,done
435.0,50,7706.988788,partial,0.8,done
243.29,71,7713.15657,partial,0.7333333333333333,done
419.14,36,7718.194438,partial,0.8666666666666667,done
461.85,65,7725.165968,partial,0.9333333333333333,done
414.97,53,7731.522129,partial,0.8666666666666667,done
176.51,49,7737.977282,partial,0.6666666666666666,done
406.45,55,7744.269058,partial,0.8666666666666667,done
414.7,80,7752.034755,partial,0.9333333333333333,done
412.94,56,7758.10438,partial,0.8666666666666667,done
400.71,79,7764.896994,partial,0.8666666666666667,done
451.29,71,7771.054841,partial,0.9333333333333333,done
453.38,62,7779.807096,partial,0.9333333333333333,done
424.38,62,7787.086741,partial,0.9333333333333333,done
255.03,47,7792.14246,partial,0.7333333333333333,done
436.61,39,7797.019427,partial,0.8666666666666667,done
93.65,85,7805.198509,incomplete,0.0,review.html
457.02,48,7811.633921,partial,0.9333333333333333,done
443.85,65,7818.863657,partial,0.9333333333333333,done
60.59,41,7822.555935,incomplete,0.0,index.html
259.79,21,7825.814542,partial,0.7333333333333333,done
425.51,49,7831.38692,partial,0.8666666666666667,done
81.38,62,7837.102786,incomplete,0.0,questions.html
400.31,69,7843.442168,partial,0.8,done
410.57,43,7848.061029,partial,0.8666666666666667,done
66.59,41,7852.629107,incomplete,0.0,index.html
417.45,55,7858.533628,partial,0.8666666666666667,done
409.35,65,7866.222154,partial,0.8666666666666667,done
452.56,44,7871.297548,partial,0.9333333333333333,done
260.56,44,7876.280634,partial,0.7333333333333333,done
400.95,55,7882.585882,partial,0.8666666666666667,done
454.13,37,7888.142944,partial,0.9333333333333333,done
398.04,46,7894.985018,partial,0.8,done
429.86,64,7900.851081,partial,0.9333333333333333,done
196.89,61,7908.293207,partial,0.6666666666666666,done
468.04,46,7913.795412,partial,0.9333333333333333,done
430.0,50,7919.871637,partial,0.8666666666666667,done
252.12,38,7925.004118,partial,0.7333333333333333,done
424.35,65,7931.16198,partial,0.8666666666666667,done
162.37,63,7936.144252,incomplete,0.0,review.html
454.37,63,7942.821876,partial,0.9333333333333333,done
63.59,41,7946.739561,incomplete,0.0,index.html
51.59,41,7950.886917,incomplete,0.0,index.html
415.11,39,7956.18957,partial,0.8,done
456.99,51,7961.918027,partial,0.9333333333333333,done
405.02,48,7967.911283,partial,0.8,done
417.54,46,7972.928759,partial,0.8666666666666667,done
418.45,55,7980.293795,partial,0.8666666666666667,done
497.7,80,7990.435244,partial,0.9333333333333333,done
398.0,50,7996.455822,partial,0.8,done
460.93,57,8003.493575,partial,0.9333333333333333,done
399.93,57,8009.633813,partial,0.8,done
411.1,40,8015.733785,partial,0.8666666666666667,done
413.56,94,8025.117657,partial,0.9333333333333333,done
442.54,46,8031.957868,partial,0.9333333333333333,done
424.35,65,8040.283274,partial,0.8,done
424.47,53,8047.13093,partial,0.8,done
405.4,60,8056.088022,partial,0.8666666666666667,done
391.03,47,8062.68003,partial,0.8666666666666667,done
476.73,77,8071.262307,partial,0.9333333333333333,done
416.93,57,8076.91162,partial,0.8666666666666667,done
456.97,53,8082.709279,partial,0.9333333333333333,done
395.88,62,8089.222225,partial,0.8666666666666667,done
435.84,66,8097.01217,partial,0.8666666666666667,done
399.58,42,8103.846526,partial,0.8666666666666667,done
444.05,45,8109.091394,partial,0.9333333333333333,done
410.62,38,8114.146801,partial,0.8666666666666667,done
427.9,60,8122.062004,partial,0.8666666666666667,done
240.48,52,8128.776329,partial,0.7333333333333333,done
260.55,45,8134.786428,partial,0.7333333333333333,done
423.11,39,8140.495831,partial,0.8666666666666667,done
472.46,54,8147.901489,partial,0.9333333333333333,done
397.49,51,8154.336468,partial,0.8666666666666667,done
429.59,41,8161.408758,partial,0.8,done
243.03,47,8167.787573,partial,0.7333333333333333,done
439.59,41,8176.024246,partial,0.9333333333333333,done
419.49,51,8183.137603,partial,0.8666666666666667,done
416.7,80,8195.882681,partial,0.9333333333333333,done
424.17,33,8202.241503,partial,0.8,done
403.97,53,8210.21267,partial,0.8,done
411.63,37,8214.473023,partial,0.8666666666666667,done
411.04,46,8219.489272,partial,0.8,done
437.22,78,8227.680654,partial,0.9333333333333333,done
426.41,59,8234.696315,partial,0.8666666666666667,done
279.04,46,8240.038679,partial,0.7333333333333333,done
397.53,47,8244.762643,partial,0.8,done
446.36,64,8251.640898,partial,0.8666666666666667,done
419.3,70,8260.43435,partial,0.9333333333333333,done
469.36,64,8267.404416,partial,0.9333333333333333,done
432.81,69,8275.322044,partial,0.9333333333333333,done
448.46,54,8280.934768,partial,0.9333333333333333,done
393.51,49,8287.167727,partial,0.8666666666666667,done
424.07,43,8292.8023,partial,0.8666666666666667,done
446.91,59,8300.297226,partial,0.9333333333333333,done
450.93,57,8308.488569,partial,0.9333333333333333,done
398.59,41,8314.01197,partial,0.8,done
402.7,30,8317.682108,partial,0.8,done
405.07,43,8324.070106,partial,0.8666666666666667,done
452.67,83,8332.470321,partial,0.9333333333333333,done
498.16,84,8341.31483,partial,0.9333333333333333,done
249.03,47,8346.034784,partial,0.7333333333333333,done
416.6,40,8350.375491,partial,0.8,done
429.37,63,8358.753751,partial,0.9333333333333333,done
398.02,48,8364.444891,partial,0.8666666666666667,done
488.9,60,8371.428108,partial,0.9333333333333333,done
258.89,61,8377.06878,partial,0.7333333333333333,done
426.83,67,8383.894418,partial,0.9333333333333333,done
477.72,78,8392.386483,partial,0.9333333333333333,done
432.43,57,8399.731487,partial,0.8,done
394.55,45,8406.711573,partial,0.8666666666666667,done
422.41,59,8413.159887,partial,0.8666666666666667,done
54.59,41,8417.456618,incomplete,0.0,index.html
450.39,61,8423.674692,partial,0.9333333333333333,done
370.59,91,8437.280575,partial,0.9333333333333333,done
451.37,63,8443.436036,partial,0.9333333333333333,done
440.42,58,8451.171593,partial,0.9333333333333333,done
413.09,41,8456.725008,partial,0.8666666666666667,done
438.41,59,8465.335083,partial,0.9333333333333333,done
436.41,59,8473.796233,partial,0.9333333333333333,done
463.93,57,8481.114329,partial,0.9333333333333333,done
265.44,56,8487.295149,partial,0.7333333333333333,done
415.52,48,8492.538707,partial,0.8,done
417.75,75,8500.324697,partial,0.8,done
393.0,50,8506.64605,partial,0.8666666666666667,done
435.36,64,8514.129117,partial,0.8,done
99.78,72,8519.002652,incomplete,0.0,review.html
398.03,47,8524.003775,partial,0.8666666666666667,done
392.53,47,8530.127773,partial,0.8666666666666667,done
400.54,46,8535.553603,partial,0.8,done
465.61,39,8541.046446,partial,0.9333333333333333,done
427.27,73,8547.640466,partial,0.9333333333333333,done
264.73,27,8551.746629,partial,0.7333333333333333,done
454.4,60,8558.624986,partial,0.9333333333333333,done
432.71,79,8568.34673,partial,0.8666666666666667,done
407.78,72,8574.356288,partial,0.8,done
411.94,56,8580.728107,partial,0.8666666666666667,done
278.63,37,8585.927807,partial,0.7333333333333333,done
415.44,56,8592.587468,partial,0.8,done
371.4,60,8599.268028,partial,0.8,done
409.02,48,8605.022264,partial,0.8,done
422.51,49,8610.756856,partial,0.8,done
443.48,52,8616.035901,partial,0.9333333333333333,done
421.95,55,8622.921367,partial,0.8,done
427.93,57,8631.940031,partial,0.9333333333333333,done
281.53,47,8637.516497,partial,0.7333333333333333,done
84.82,68,8643.072072,incomplete,0.0,review.html
422.73,77,8650.923139,partial,0.8666666666666667,done
438.36,64,8657.632868,partial,0.9333333333333333,done
448.47,53,8664.06569,partial,0.9333333333333333,done
260.5,50,8669.420085,partial,0.7333333333333333,done
472.28,72,8677.131447,partial,0.9333333333333333,done
425.1,40,8682.717322,partial,0.8,done
438.72,78,8693.878718,partial,0.9333333333333333,done
421.19,81,8703.256521,partial,0.8666666666666667,done
136.59,41,8707.349877,incomplete,0.0,experience.html
274.05,45,8712.00064,partial,0.7333333333333333,done
434.61,39,8717.995717,partial,0.9333333333333333,done
480.17,83,8727.384384,partial,0.9333333333333333,done
251.29,71,8735.059581,partial,0.7333333333333333,done
63.59,41,8739.387141,incomplete,0.0,index.html
441.4,60,8745.149667,partial,0.9333333333333333,done
385.84,66,8753.688794,partial,0.8666666666666667,done
84.98,102,8761.726872,incomplete,0.0,questions.html
479.32,68,8769.081118,partial,0.9333333333333333,done
98.05,45,8773.359624,incomplete,0.0,review.html
432.2,80,8782.665349,partial,0.9333333333333333,done
425.03,47,8788.895636,partial,0.9333333333333333,done
453.03,47,8796.065378,partial,0.9333333333333333,done
425.02,48,8803.681429,partial,0.8,done
439.87,63,8811.563211,partial,0.9333333333333333,done
451.89,61,8819.284034,partial,0.9333333333333333,done
395.47,53,8824.825159,partial,0.8666666666666667,done
429.29,71,8835.044263,partial,0.9333333333333333,done
403.0,50,8841.468774,partial,0.8666666666666667,done
54.59,41,8845.846378,incomplete,0.0,index.html
459.32,68,8852.481029,partial,0.9333333333333333,done
403.0,50,8858.487275,partial,0.8666666666666667,done
430.95,105,8869.577394,partial,0.9333333333333333,done
391.13,37,8875.456875,partial,0.8666666666666667,done
188.36,64,8882.112363,partial,0.6666666666666666,done
456.39,61,8888.711291,partial,0.9333333333333333,done
415.09,41,8893.692416,partial,0.8666666666666667,done
397.68,82,8901.556398,partial,0.8666666666666667,done
421.95,55,8909.883508,partial,0.9333333333333333,done
428.58,42,8914.895221,partial,0.8666666666666667,done
169.95,55,8920.592287,partial,0.6666666666666666,done
93.45,55,8924.343103,incomplete,0.0,review.html
476.08,92,8933.467127,partial,0.9333333333333333,done
413.55,45,8938.572642,partial,0.8,done
420.59,41,8943.442907,partial,0.8,done
412.59,41,8948.787772,partial,0.8,done
449.4,60,8954.990891,partial,0.9333333333333333,done
454.35,65,8964.194075,partial,0.9333333333333333,done
38.62,88,8973.962791,incomplete,0.0,questions.html
398.02,48,8978.778175,partial,0.8,done
417.05,45,8983.691207,partial,0.8,done
411.14,36,8988.535886,partial,0.8,done
434.84,66,8996.078984,partial,0.9333333333333333,done
413.33,67,9003.983918,partial,0.8666666666666667,done
166.56,44,9009.214837,partial,0.6666666666666666,done
414.54,46,9015.788919,partial,0.8666666666666667,done
409.17,83,9024.37754,partial,0.9333333333333333,done
439.56,44,9029.956451,partial,0.8,done
417.06,44,9035.907136,partial,0.8,done
445.39,61,9043.754531,partial,0.8666666666666667,done
251.22,28,9048.173864,partial,0.7333333333333333,done
415.13,37,9052.743785,partial,0.8,done
418.23,77,9060.71153,partial,0.8666666666666667,done
435.27,73,9069.523499,partial,0.9333333333333333,done
482.84,66,9076.175431,partial,0.9333333333333333,done
439.44,56,9082.599069,partial,0.9333333333333333,done
460.03,47,9088.340322,partial,0.9333333333333333,done
449.82,68,9096.42931,partial,0.9333333333333333,done
412.03,47,9101.805227,partial,0.8666666666666667,done
265.54,46,9107.439202,partial,0.7333333333333333,done
421.53,47,9112.389253,partial,0.8,done
471.3,70,9120.14425,partial,0.9333333333333333,done
413.14,86,9129.842958,partial,0.9333333333333333,done
440.39,61,9136.812839,partial,0.8666666666666667,done
420.76,74,9143.622582,partial,0.8666666666666667,done
433.03,47,9149.384486,partial,0.8666666666666667,done
407.57,43,9153.655861,partial,0.8666666666666667,done
411.38,62,9159.378654,partial,0.8666666666666667,done
435.38,62,9165.774925,partial,0.9333333333333333,done
402.54,46,9171.979957,partial,0.8666666666666667,done
388.42,58,9177.132031,partial,0.8666666666666667,done
254.63,37,9181.068566,partial,0.7333333333333333,done
174.09,41,9186.025386,partial,0.6666666666666666,done
442.02,48,9193.093389,partial,0.9333333333333333,done
413.58,92,9201.254683,partial,0.9333333333333333,done
443.04,46,9206.207316,partial,0.9333333333333333,done
274.82,68,9212.300539,partial,0.7333333333333333,done
418.08,42,9218.267351,partial,0.8,done
419.05,45,9223.335983,partial,0.8,done
447.44,56,9229.38061,partial,0.9333333333333333,done
435.45,55,9235.636997,partial,0.9333333333333333,done
263.59,41,9239.919748,partial,0.7333333333333333,done
413.15,85,9250.545218,partial,0.9333333333333333,done
395.49,51,9256.788458,partial,0.8666666666666667,done
424.37,63,9263.762962,partial,0.8,done
108.03,47,9268.02368,incomplete,0.0,review.html
456.05,45,9273.949556,partial,0.9333333333333333,done
438.81,69,9280.758382,partial,0.9333333333333333,done
422.9,60,9287.118199,partial,0.9333333333333333,done
397.78,72,9294.142651,partial,0.8666666666666667,done
413.2,30,9298.730542,partial,0.8,done
266.49,51,9303.900785,partial,0.7333333333333333,done
411.26,74,9312.368368,partial,0.9333333333333333,done
387.49,51,9318.481203,partial,0.8,done
250.13,37,9322.60908,partial,0.7333333333333333,done
387.94,56,9329.866812,partial,0.8666666666666667,done
407.43,57,9335.261178,partial,0.8,done
253.96,54,9341.726713,partial,0.7333333333333333,done
418.03,47,9348.829982,partial,0.8,done
403.49,51,9354.972906,partial,0.8666666666666667,done
432.31,69,9362.678362,partial,0.8,done
406.07,43,9367.629293,partial,0.8666666666666667,done
424.32,68,9375.110752,partial,0.8666666666666667,done
125.9,60,9381.264122,incomplete,0.0,review.html
411.0,50,9386.590856,partial,0.8666666666666667,done
66.59,41,9390.569376,incomplete,0.0,index.html
142.5,50,9395.130832,partial,0.6666666666666666,done
435.49,51,9402.336612,partial,0.9333333333333333,done
407.97,53,9409.594255,partial,0.8666666666666667,done
406.92,58,9415.414398,partial,0.8666666666666667,done
261.0,50,9421.404187,partial,0.7333333333333333,done
470.41,59,9427.958694,partial,0.9333333333333333,done
419.78,72,9435.761562,partial,0.8666666666666667,done
438.46,54,9443.190717,partial,0.9333333333333333,done
399.52,48,9448.842507,partial,0.8,done
434.01,49,9454.816844,partial,0.8666666666666667,done
448.01,49,9460.085495,partial,0.9333333333333333,done
452.9,60,9467.188847,partial,0.9333333333333333,done
439.84,66,9475.833107,partial,0.9333333333333333,done
414.3,70,9484.718431,partial,0.8666666666666667,done
405.87,63,9491.738124,partial,0.8,done
398.11,39,9496.311536,partial,0.8,done
396.96,54,9502.391613,partial,0.8666666666666667,done
436.0,50,9508.067941,partial,0.8666666666666667,done
420.45,55,9513.457166,partial,0.8,done
437.92,58,9520.568658,partial,0.8666666666666667,done
450.49,51,9527.769844,partial,0.9333333333333333,done
416.03,47,9533.442573,partial,0.8,done
410.52,48,9540.159718,partial,0.8,done
482.05,45,9545.857802,partial,0.9333333333333333,done
159.71,29,9550.010458,partial,0.6666666666666666,done
447.09,41,9556.231687,partial,0.9333333333333333,done
405.84,66,9562.982592,partial,0.8,done
394.01,49,9568.060578,partial,0.8666666666666667,done
155.34,66,9574.232735,partial,0.6666666666666666,done
408.68,32,9577.901317,partial,0.8,done
252.14,36,9581.719043,partial,0.7333333333333333,done
437.48,52,9587.738507,partial,0.9333333333333333,done
411.57,43,9592.757021,partial,0.8,done
441.54,46,9598.782658,partial,0.9333333333333333,done
279.56,44,9604.269688,partial,0.7333333333333333,done
430.02,48,9609.880106,partial,0.8666666666666667,done
398.56,44,9615.804596,partial,0.8666666666666667,done
261.48,52,9623.27495,partial,0.7333333333333333,done
460.62,88,9631.740558,partial,0.9333333333333333,done
404.54,46,9637.866696,partial,0.8666666666666667,done
427.39,61,9645.717986,partial,0.8666666666666667,done
417.58,42,9650.504007,partial,0.8,done
398.93,57,9656.166865,partial,0.8666666666666667,done
421.5,50,9662.213211,partial,0.8,done
467.05,45,9668.046784,partial,0.9333333333333333,done
424.61,39,9672.877129,partial,0.8,done
401.47,53,9678.906199,partial,0.8,done
401.43,57,9685.3173,partial,0.8666666666666667,done
441.42,58,9692.50022,partial,0.9333333333333333,done
462.12,88,9699.896156,partial,0.9333333333333333,done
398.01,49,9704.235755,partial,0.8,done
402.01,49,9709.412767,partial,0.8,done
474.17,83,9717.826391,partial,0.9333333333333333,done
448.34,66,9725.012872,partial,0.8666666666666667,done
252.01,49,9730.012774,partial,0.7333333333333333,done
417.54,46,9736.894046,partial,0.8,done
383.83,67,9744.279139,partial,0.8666666666666667,done
379.29,71,9752.148483,partial,0.8666666666666667,done
393.45,55,9758.830492,partial,0.8666666666666667,done
403.14,36,9763.813041,partial,0.8,done
260.21,29,9767.609807,partial,0.7333333333333333,done
450.23,77,9777.609346,partial,0.9333333333333333,done
428.71,79,9786.151962,partial,0.9333333333333333,done
447.52,48,9791.312106,partial,0.9333333333333333,done
443.42,58,9797.627988,partial,0.9333333333333333,done
400.33,67,9806.051203,partial,0.8666666666666667,done
403.61,39,9811.75683,partial,0.8666666666666667,done
400.05,45,9817.301784,partial,0.8,done
460.86,64,9824.55952,partial,0.9333333333333333,done
419.68,32,9830.162049,partial,0.8666666666666667,done
446.98,52,9836.237821,partial,0.9333333333333333,done
380.84,66,9843.643925,partial,0.8666666666666667,done
164.8,70,9851.701098,incomplete,0.0,review.html
420.13,37,9856.525834,partial,0.8,done
437.02,48,9861.897722,partial,0.9333333333333333,done
419.96,54,9868.061162,partial,0.8666666666666667,done
450.22,78,9876.670182,partial,0.9333333333333333,done
436.97,53,9882.521922,partial,0.8,done
409.21,29,9887.022729,partial,0.8,done
262.49,51,9892.451898,partial,0.7333333333333333,done
438.4,60,9898.165823,partial,0.9333333333333333,done
419.33,67,9906.789213,partial,0.9333333333333333,done
447.36,64,9915.237057,partial,0.9333333333333333,done
426.56,44,9920.278453,partial,0.8,done
405.71,79,9926.315504,partial,0.8666666666666667,done
380.19,81,9936.189935,partial,0.8666666666666667,done
408.57,43,9941.965642,partial,0.8666666666666667,done
426.7,30,9947.044225,partial,0.8666666666666667,done
386.78,72,9955.640206,partial,0.8666666666666667,done
409.08,42,9960.032712,partial,0.8666666666666667,done
425.45,55,9965.960029,partial,0.9333333333333333,done
256.14,36,9970.386072,partial,0.7333333333333333,done
160.5,50,9975.506836,partial,0.6666666666666666,done
441.42,58,9980.763054,partial,0.9333333333333333,done
414.07,43,9985.417575,partial,0.8666666666666667,done
391.99,51,9992.373347,partial,0.8666666666666667,done
72.27,73,9998.058501,incomplete,0.0,questions.html
399.49,51,10003.510878,partial,0.8666666666666667,done
373.22,78,10010.764786,partial,0.8666666666666667,done
418.07,43,10016.425295,partial,0.8,done
270.59,41,10021.391664,partial,0.7333333333333333,done
400.88,62,10027.035263,partial,0.8,done
432.95,55,10032.893217,partial,0.9333333333333333,done
408.06,44,10038.19694,partial,0.8666666666666667,done
439.82,68,10044.316744,partial,0.9333333333333333,done
467.58,42,10049.339292,partial,0.9333333333333333,done
399.45,55,10056.97069,partial,0.8666666666666667,done
417.26,74,10066.11421,partial,0.8666666666666667,done
458.53,47,10073.196656,partial,0.9333333333333333,done
386.94,56,10079.137022,partial,0.8666666666666667,done
441.53,47,10083.680292,partial,0.9333333333333333,done
433.35,65,10090.544629,partial,0.9333333333333333,done
274.11,39,10096.627632,partial,0.7333333333333333,done
60.59,41,10100.906833,incomplete,0.0,index.html
438.04,46,10106.563166,partial,0.8,done
472.91,59,10112.978667,partial,0.9333333333333333,done
455.99,51,10119.047796,partial,0.9333333333333333,done
428.88,62,10126.720622,partial,0.9333333333333333,done
403.58,42,10132.663482,partial,0.8666666666666667,done
417.72,78,10139.364362,partial,0.8666666666666667,done
398.86,64,10144.968553,partial,0.8666666666666667,done
389.47,53,10151.909512,partial,0.8,done
82.76,74,10158.714545,incomplete,0.0,questions.html
416.58,42,10163.488046,partial,0.8,done
191.43,57,10169.939881,partial,0.6666666666666666,done
264.1,40,10174.514912,partial,0.7333333333333333,done
400.0,50,10179.292051,partial,0.8666666666666667,done
428.56,44,10184.463799,partial,0.8,done
249.43,57,10189.380102,partial,0.7333333333333333,done
61.25,75,10195.494247,incomplete,0.0,questions.html
60.59,41,10200.202222,incomplete,0.0,index.html
430.36,64,10207.628764,partial,0.8,done
243.0,50,10212.229822,partial,0.7333333333333333,done
411.61,39,10217.791456,partial,0.8,done
446.65,85,10226.109729,partial,0.9333333333333333,done
400.49,51,10231.266986,partial,0.8666666666666667,done
448.54,46,10237.107321,partial,0.9333333333333333,done
458.79,71,10245.262037,partial,0.9333333333333333,done
426.0,50,10251.116395,partial,0.8666666666666667,done
279.94,56,10257.657876,partial,0.7333333333333333,done
424.11,39,10262.475425,partial,0.8,done
391.76,74,10271.159969,partial,0.8,done
455.28,72,10278.128158,partial,0.9333333333333333,done
100.73,77,10284.195182,incomplete,0.0,review.html
183.07,43,10289.577486,partial,0.6666666666666666,done
449.74,76,10296.49206,partial,0.9333333333333333,done
445.94,56,10303.506161,partial,0.9333333333333333,done
436.98,52,10311.364874,partial,0.9333333333333333,done
424.07,43,10317.645755,partial,0.8666666666666667,done
396.53,47,10322.983054,partial,0.8,done
454.55,45,10329.048826,partial,0.9333333333333333,done
455.48,52,10335.137527,partial,0.9333333333333333,done
463.92,58,10341.580966,partial,0.9333333333333333,done
434.39,61,10348.516698,partial,0.8666666666666667,done
459.48,52,10354.035453,partial,0.9333333333333333,done
405.67,33,10357.947811,partial,0.8,done
367.73,77,10365.826402,partial,0.8666666666666667,done
441.02,48,10372.3535,partial,0.8,done
75.59,41,10376.621256,incomplete,0.0,index.html
413.98,52,10382.75107,partial,0.8,done
90.84,66,10387.798584,incomplete,0.0,review.html
433.69,81,10397.200673,partial,0.9333333333333333,done
286.04,46,10403.351479,partial,0.7333333333333333,done
446.82,68,10412.105499,partial,0.9333333333333333,done
418.84,66,10418.422167,partial,0.8666666666666667,done
381.96,54,10423.403188,partial,0.8,done
412.98,52,10430.083866,partial,0.8666666666666667,done
443.89,61,10437.304131,partial,0.9333333333333333,done
229.16,34,10443.207922,partial,0.7333333333333333,done
254.14,36,10447.238816,partial,0.7333333333333333,done
420.66,34,10451.563253,partial,0.8,done
417.39,61,10457.453087,partial,0.8666666666666667,done
408.77,73,10464.671003,partial,0.8666666666666667,done
465.85,65,10470.750587,partial,0.9333333333333333,done
419.45,55,10476.468803,partial,0.8666666666666667,done
404.47,53,10481.764555,partial,0.8666666666666667,done
42.42,58,10486.528805,incomplete,0.0,questions.html
429.72,78,10494.626032,partial,0.9333333333333333,done
414.68,82,10505.143726,partial,0.9333333333333333,done
467.01,49,10511.283638,partial,0.9333333333333333,done
457.48,52,10517.271686,partial,0.9333333333333333,done
382.27,73,10525.390275,partial,0.8666666666666667,done
421.09,41,10532.09922,partial,0.8666666666666667,done
415.58,42,10537.434084,partial,0.8666666666666667,done
454.47,53,10543.804798,partial,0.9333333333333333,done
182.58,42,10549.532669,partial,0.6666666666666666,done
408.56,44,10555.001173,partial,0.8,done
458.48,52,10562.809954,partial,0.9333333333333333,done
254.19,31,10566.857824,partial,0.7333333333333333,done
465.63,37,10572.44227,partial,0.9333333333333333,done
447.79,71,10582.064,partial,0.9333333333333333,done
390.84,66,10589.928787,partial,0.8666666666666667,done
412.26,74,10598.197737,partial,0.8666666666666667,done
75.59,41,10603.125978,incomplete,0.0,index.html
429.97,53,10611.373327,partial,0.8666666666666667,done
390.03,47,10617.434132,partial,0.8,done
386.9,60,10624.009028,partial,0.8,done
83.96,54,10629.401689,incomplete,0.0,review.html
409.1,40,10634.114335,partial,0.8666666666666667,done
497.37,63,10641.69688,partial,0.9333333333333333,done
416.96,54,10648.067419,partial,0.8666666666666667,done
455.86,64,10656.32381,partial,0.8666666666666667,done
374.41,59,10664.695105,partial,0.8666666666666667,done
307.93,57,10671.947379,partial,0.7333333333333333,done
416.84,66,10679.104822,partial,0.8666666666666667,done
278.02,48,10685.398875,partial,0.7333333333333333,done
434.33,67,10693.335022,partial,0.8666666666666667,done
409.91,59,10700.671866,partial,0.8,done
450.94,56,10708.091381,partial,0.9333333333333333,done
31.41,59,10713.762137,incomplete,0.0,questions.html
415.52,48,10719.026731,partial,0.8,done
448.53,47,10725.098531,partial,0.9333333333333333,done
437.0,50,10732.315443,partial,0.9333333333333333,done
448.88,62,10739.946806,partial,0.8666666666666667,done
270.13,37,10744.713387,partial,0.7333333333333333,done
404.52,48,10751.636572,partial,0.8666666666666667,done
438.53,47,10758.502027,partial,0.9333333333333333,done
418.19,81,10768.868103,partial,0.9333333333333333,done
392.38,62,10775.111087,partial,0.8666666666666667,done
413.53,47,10780.791878,partial,0.8,done
393.79,71,10788.521876,partial,0.8666666666666667,done
467.91,59,10795.754915,partial,0.9333333333333333,done
452.02,48,10802.39636,partial,0.9333333333333333,done
411.14,86,10811.580399,partial,0.8666666666666667,done
472.93,57,10818.052377,partial,0.9333333333333333,done
396.49,51,10822.659857,partial,0.8,done
75.59,41,10827.096663,incomplete,0.0,index.html
404.85,65,10834.785411,partial,0.8666666666666667,done
426.43,57,10841.77327,partial,0.8666666666666667,done
422.62,38,10846.435126,partial,0.8,done
410.64,36,10851.088927,partial,0.8666666666666667,done
435.4,60,10858.390343,partial,0.9333333333333333,done
430.97,53,10864.610764,partial,0.8666666666666667,done
454.72,78,10871.464505,partial,0.9333333333333333,done
429.46,54,10877.499792,partial,0.9333333333333333,done
402.9,60,10884.273032,partial,0.8666666666666667,done
408.05,45,10890.150341,partial,0.8666666666666667,done
418.12,38,10895.218415,partial,0.8,done
468.8,70,10902.891648,partial,0.9333333333333333,done
436.8,70,10910.662378,partial,0.9333333333333333,done
481.33,67,10917.511295,partial,0.9333333333333333,done
393.93,57,10925.611829,partial,0.8666666666666667,done
43.58,92,10934.861642,incomplete,0.0,questions.html
412.94,56,10940.53621,partial,0.8,done
496.18,82,10948.339789,partial,0.9333333333333333,done
420.05,45,10953.281586,partial,0.8,done
63.35,65,10958.171865,incomplete,0.0,questions.html
471.18,82,10967.428392,partial,0.9333333333333333,done
157.14,36,10971.909834,partial,0.6666666666666666,done
147.1,40,10976.319744,partial,0.6666666666666666,done
458.81,69,10983.114398,partial,0.9333333333333333,done
411.53,47,10989.135543,partial,0.8,done
390.52,48,10995.067666,partial,0.8666666666666667,done
452.34,66,11002.714949,partial,0.8666666666666667,done
431.94,56,11009.016162,partial,0.9333333333333333,done
136.6,40,11012.921758,partial,0.6666666666666666,done
410.95,55,11019.403476,partial,0.8666666666666667,done
404.81,69,11025.663838,partial,0.8666666666666667,done
436.38,62,11031.915386,partial,0.9333333333333333,done
469.35,65,11039.246471,partial,0.9333333333333333,done
271.31,69,11045.527399,partial,0.7333333333333333,done
402.09,41,11051.863578,partial,0.8666666666666667,done
449.8,70,11058.852382,partial,0.8,done
422.53,47,11064.413575,partial,0.8666666666666667,done
422.05,45,11069.792897,partial,0.8666666666666667,done
390.58,42,11073.930568,partial,0.8,done
412.54,46,11080.507549,partial,0.8666666666666667,done
271.59,41,11086.209574,partial,0.7333333333333333,done
420.53,47,11091.351074,partial,0.8,done
400.54,46,11095.538434,partial,0.8,done
438.3,70,11102.429603,partial,0.8666666666666667,done
426.43,57,11111.46254,partial,0.9333333333333333,done
127.59,41,11115.788312,incomplete,0.0,experience.html
427.33,67,11123.442728,partial,0.8666666666666667,done
383.52,48,11128.262837,partial,0.8,done
462.49,51,11133.476714,partial,0.9333333333333333,done
427.94,56,11140.214683,partial,0.8666666666666667,done
480.39,61,11147.21474,partial,0.9333333333333333,done
445.99,51,11153.575648,partial,0.9333333333333333,done
438.35,65,11159.79521,partial,0.9333333333333333,done
411.95,55,11165.968919,partial,0.8666666666666667,done
472.64,86,11174.158185,partial,0.9333333333333333,done
401.51,49,11179.210118,partial,0.8666666666666667,done
416.5,50,11184.333936,partial,0.8,done
429.47,53,11189.717822,partial,0.8666666666666667,done
419.99,51,11195.696496,partial,0.8666666666666667,done
402.51,49,11201.158424,partial,0.8666666666666667,done
416.59,41,11206.478496,partial,0.8666666666666667,done
412.63,37,11211.520139,partial,0.8666666666666667,done
416.97,53,11216.975443,partial,0.8666666666666667,done
455.47,53,11222.854621,partial,0.9333333333333333,done
432.28,72,11230.633799,partial,0.8,done
278.41,59,11236.719656,partial,0.7333333333333333,done
458.67,83,11247.509216,partial,0.9333333333333333,done
456.5,50,11253.774503,partial,0.9333333333333333,done
452.88,62,11262.289144,partial,0.9333333333333333,done
408.69,31,11268.71474,partial,0.8666666666666667,done
430.93,57,11277.105793,partial,0.8,done
419.08,42,11284.054769,partial,0.8666666666666667,done
449.06,44,11289.818726,partial,0.9333333333333333,done
305.4,60,11297.556009,partial,0.7333333333333333,done
393.96,54,11305.006815,partial,0.8666666666666667,done
413.53,47,11312.266263,partial,0.8666666666666667,done
436.41,59,11320.420159,partial,0.9333333333333333,done
154.65,35,11324.948474,partial,0.6666666666666666,done
410.97,53,11330.728942,partial,0.8666666666666667,done
423.3,70,11340.917628,partial,0.9333333333333333,done
378.93,57,11346.607261,partial,0.8,done
415.97,53,11351.950131,partial,0.8666666666666667,done
460.48,52,11357.906086,partial,0.9333333333333333,done
447.04,46,11366.108256,partial,0.9333333333333333,done
381.33,67,11373.80282,partial,0.8666666666666667,done
416.78,72,11383.279039,partial,0.9333333333333333,done
419.8,70,11391.404851,partial,0.8,done
54.59,41,11395.618282,incomplete,0.0,index.html
425.06,44,11401.28434,partial,0.8666666666666667,done
430.84,66,11408.788056,partial,0.8666666666666667,done
443.31,69,11417.079223,partial,0.8666666666666667,done
460.38,62,11423.184737,partial,0.9333333333333333,done
415.09,41,11428.382076,partial,0.8666666666666667,done
406.62,38,11433.016742,partial,0.8,done
449.4,60,11441.810387,partial,0.9333333333333333,done
457.25,75,11448.999515,partial,0.9333333333333333,done
257.65,35,11453.47033,partial,0.7333333333333333,done
444.48,52,11459.696948,partial,0.9333333333333333,done
476.91,59,11468.063148,partial,0.9333333333333333,done
439.88,62,11475.775789,partial,0.9333333333333333,done
449.73,77,11484.675139,partial,0.9333333333333333,done
130.59,41,11488.707047,incomplete,0.0,experience.html
430.94,56,11494.394632,partial,0.8666666666666667,done
472.08,92,11502.997432,partial,0.9333333333333333,done
440.41,59,11509.850259,partial,0.9333333333333333,done
265.18,32,11514.215674,partial,0.7333333333333333,done
447.46,54,11519.413135,partial,0.9333333333333333,done
456.44,56,11526.22542,partial,0.8,done
407.31,69,11532.295331,partial,0.8666666666666667,done
154.32,68,11538.212774,incomplete,0.0,review.html
401.4,60,11544.826067,partial,0.8,done
421.58,42,11549.997518,partial,0.8,done
407.98,52,11557.249691,partial,0.8666666666666667,done
448.77,73,11564.054969,partial,0.9333333333333333,done
423.82,68,11572.577633,partial,0.8666666666666667,done
445.1,40,11578.056345,partial,0.9333333333333333,done
399.12,38,11584.507251,partial,0.8,done
421.01,49,11589.750865,partial,0.8666666666666667,done
409.5,50,11594.957441,partial,0.8666666666666667,done
