#{"t_start": 1761279856.0332873, "env_id": "None"}
r,l,t,result,match_ratio,page
378.58,42,6.060432,partial,0.8666666666666667,done
238.9,60,12.52805,partial,0.7333333333333333,done
387.03,47,19.198936,partial,0.8666666666666667,done
372.37,63,25.255387,partial,0.8666666666666667,done
385.57,43,30.43483,partial,0.8,done
234.68,32,35.22145,partial,0.7333333333333333,done
424.98,52,41.24708,partial,0.9333333333333333,done
30.69,31,44.991608,incomplete,0.0,index.html
394.34,66,52.893077,partial,0.9333333333333333,done
416.05,45,58.86566,partial,0.9333333333333333,done
385.42,58,65.713858,partial,0.8666666666666667,done
384.25,75,72.812298,partial,0.8666666666666667,done
408.42,58,78.863065,partial,0.9333333333333333,done
396.58,42,84.608079,partial,0.8,done
28.69,31,87.965692,incomplete,0.0,index.html
401.09,41,93.86566,partial,0.8666666666666667,done
410.48,52,99.507548,partial,0.9333333333333333,done
414.04,46,105.733135,partial,0.9333333333333333,done
376.92,58,113.117161,partial,0.8666666666666667,done
393.91,59,120.631292,partial,0.9333333333333333,done
380.91,59,127.491819,partial,0.8,done
413.94,56,133.986064,partial,0.9333333333333333,done
405.57,43,140.104207,partial,0.9333333333333333,done
26.69,31,144.274745,incomplete,0.0,index.html
394.8,70,152.341208,partial,0.9333333333333333,done
414.5,50,158.874043,partial,0.9333333333333333,done
389.15,35,164.156637,partial,0.8666666666666667,done
68.69,31,167.971812,incomplete,0.0,experience.html
388.61,39,174.456415,partial,0.8666666666666667,done
400.56,44,180.583084,partial,0.8,done
413.08,42,186.7573,partial,0.9333333333333333,done
400.0,50,193.104521,partial,0.8666666666666667,done
407.5,50,199.688596,partial,0.8666666666666667,done
432.94,56,206.873042,partial,0.9333333333333333,done
391.05,45,212.544871,partial,0.8666666666666667,done
409.04,46,218.312835,partial,0.9333333333333333,done
394.9,60,224.263724,partial,0.9333333333333333,done
251.09,41,229.353045,partial,0.7333333333333333,done
414.45,55,236.611291,partial,0.9333333333333333,done
388.04,46,242.431269,partial,0.8666666666666667,done
384.15,35,246.808836,partial,0.8666666666666667,done
415.44,56,252.59908,partial,0.9333333333333333,done
386.06,44,257.826826,partial,0.8666666666666667,done
379.34,66,264.399577,partial,0.8666666666666667,done
395.44,56,270.908159,partial,0.8666666666666667,done
377.57,43,275.613461,partial,0.8666666666666667,done
407.45,55,281.152848,partial,0.9333333333333333,done
404.01,49,286.91959,partial,0.9333333333333333,done
380.88,62,293.603112,partial,0.8666666666666667,done
30.69,31,297.006666,incomplete,0.0,index.html
408.9,60,304.781314,partial,0.9333333333333333,done
407.02,48,310.655896,partial,0.8666666666666667,done
39.32,68,316.281593,incomplete,0.0,questions.html
376.99,51,321.91407,partial,0.8,done
388.54,46,327.451593,partial,0.8,done
394.08,42,332.577758,partial,0.8,done
388.97,53,338.416831,partial,0.8,done
30.69,31,341.605536,incomplete,0.0,index.html
385.09,41,346.456431,partial,0.8666666666666667,done
26.69,31,349.937982,incomplete,0.0,index.html
66.69,31,353.160468,incomplete,0.0,experience.html
407.37,63,359.107381,partial,0.9333333333333333,done
388.18,32,363.612558,partial,0.8666666666666667,done
70.69,31,367.238455,incomplete,0.0,experience.html
410.85,65,375.111787,partial,0.9333333333333333,done
398.94,56,381.638582,partial,0.9333333333333333,done
387.18,32,385.696588,partial,0.8,done
58.35,65,390.579394,incomplete,0.0,questions.html
396.39,61,396.333754,partial,0.9333333333333333,done
424.86,64,404.317607,partial,0.9333333333333333,done
401.53,47,410.283423,partial,0.8666666666666667,done
43.27,73,415.987535,incomplete,0.0,questions.html
30.69,31,419.072574,incomplete,0.0,index.html
407.28,72,426.554578,partial,0.9333333333333333,done
385.53,47,431.888679,partial,0.8666666666666667,done
30.69,31,435.159313,incomplete,0.0,index.html
388.49,51,440.751534,partial,0.8666666666666667,done
421.92,58,448.54513,partial,0.9333333333333333,done
379.55,45,453.721868,partial,0.8666666666666667,done
399.96,54,460.511797,partial,0.9333333333333333,done
384.99,51,467.034519,partial,0.8666666666666667,done
396.13,37,471.843175,partial,0.8,done
385.64,36,476.23268,partial,0.8666666666666667,done
30.69,31,479.434976,incomplete,0.0,index.html
407.96,54,486.038591,partial,0.9333333333333333,done
429.49,51,492.40391,partial,0.9333333333333333,done
410.54,46,497.790032,partial,0.9333333333333333,done
405.54,46,502.727246,partial,0.9333333333333333,done
385.46,54,508.847314,partial,0.8666666666666667,done
387.55,45,514.773811,partial,0.8666666666666667,done
389.19,31,519.203073,partial,0.8,done
416.49,51,525.070727,partial,0.9333333333333333,done
28.69,31,528.201804,incomplete,0.0,index.html
50.9,60,533.1747,incomplete,0.0,questions.html
394.05,45,539.027407,partial,0.8666666666666667,done
386.97,53,546.174026,partial,0.8666666666666667,done
375.98,52,550.965327,partial,0.8666666666666667,done
392.52,48,556.437743,partial,0.8,done
415.64,36,561.538064,partial,0.9333333333333333,done
247.55,45,567.17432,partial,0.7333333333333333,done
236.64,36,571.378095,partial,0.7333333333333333,done
387.04,46,576.380454,partial,0.8,done
418.38,62,582.986874,partial,0.9333333333333333,done
402.93,57,589.642684,partial,0.8,done
392.97,53,595.928082,partial,0.8,done
395.41,59,603.958695,partial,0.8,done
389.61,39,609.030957,partial,0.8666666666666667,done
389.57,43,614.426796,partial,0.8,done
391.03,47,622.263935,partial,0.8666666666666667,done
392.74,76,630.560856,partial,0.9333333333333333,done
416.98,52,636.987504,partial,0.9333333333333333,done
70.69,31,640.285832,incomplete,0.0,experience.html
389.53,47,645.660153,partial,0.8,done
30.69,31,649.075233,incomplete,0.0,index.html
28.69,31,652.134354,incomplete,0.0,index.html
406.51,49,658.25952,partial,0.8666666666666667,done
405.55,45,663.504569,partial,0.9333333333333333,done
403.48,52,669.332178,partial,0.9333333333333333,done
408.45,55,675.470142,partial,0.9333333333333333,done
409.53,47,681.63034,partial,0.9333333333333333,done
421.95,55,688.040323,partial,0.9333333333333333,done
403.49,51,693.462749,partial,0.9333333333333333,done
394.98,52,699.485023,partial,0.9333333333333333,done
404.39,61,706.370828,partial,0.8666666666666667,done
388.53,47,711.756359,partial,0.8666666666666667,done
389.55,45,717.309514,partial,0.8,done
386.1,40,721.895864,partial,0.8666666666666667,done
406.41,59,728.00103,partial,0.9333333333333333,done
390.6,40,733.936801,partial,0.8666666666666667,done
398.76,74,742.824423,partial,0.9333333333333333,done
406.54,46,747.719165,partial,0.9333333333333333,done
391.05,45,752.954547,partial,0.8666666666666667,done
412.61,39,757.783751,partial,0.9333333333333333,done
393.04,46,763.979386,partial,0.8666666666666667,done
30.69,31,767.301788,incomplete,0.0,index.html
386.37,63,773.011777,partial,0.8666666666666667,done
394.44,56,779.373171,partial,0.8666666666666667,done
384.03,47,785.096039,partial,0.8666666666666667,done
418.92,58,792.073262,partial,0.9333333333333333,done
416.11,39,798.484127,partial,0.9333333333333333,done
388.48,52,804.598768,partial,0.8,done
429.04,46,810.094081,partial,0.9333333333333333,done
401.58,42,815.099694,partial,0.9333333333333333,done
391.31,69,823.016984,partial,0.9333333333333333,done
402.02,48,829.746915,partial,0.9333333333333333,done
389.42,58,836.848699,partial,0.8666666666666667,done
389.65,35,841.201418,partial,0.8666666666666667,done
246.1,40,846.379761,partial,0.7333333333333333,done
398.54,46,852.510278,partial,0.8666666666666667,done
399.47,53,859.159873,partial,0.8,done
391.02,48,864.639041,partial,0.8666666666666667,done
132.69,31,868.536827,partial,0.6666666666666666,done
383.94,56,876.628829,partial,0.8,done
416.17,33,881.827441,partial,0.9333333333333333,done
258.49,51,888.193393,partial,0.7333333333333333,done
374.74,76,897.595356,partial,0.9333333333333333,done
410.79,71,903.952905,partial,0.9333333333333333,done
406.42,58,910.509689,partial,0.9333333333333333,done
377.88,62,916.638765,partial,0.8,done
397.9,60,923.343971,partial,0.8666666666666667,done
404.99,51,929.356299,partial,0.8,done
399.07,43,935.472811,partial,0.8,done
387.52,48,940.451642,partial,0.8666666666666667,done
26.69,31,943.655959,incomplete,0.0,index.html
404.47,53,950.376588,partial,0.9333333333333333,done
390.79,71,957.06098,partial,0.8666666666666667,done
408.36,64,964.258212,partial,0.9333333333333333,done
387.85,65,971.122839,partial,0.8666666666666667,done
414.85,65,979.622244,partial,0.9333333333333333,done
398.53,47,985.355804,partial,0.8666666666666667,done
398.55,45,991.124822,partial,0.8666666666666667,done
380.79,71,997.649689,partial,0.9333333333333333,done
397.52,48,1003.980601,partial,0.8666666666666667,done
400.55,45,1009.949695,partial,0.8666666666666667,done
247.58,42,1015.362721,partial,0.7333333333333333,done
392.48,52,1020.889339,partial,0.8,done
403.53,47,1027.277608,partial,0.8,done
51.09,91,1034.969726,incomplete,0.0,questions.html
394.13,37,1040.10566,partial,0.8,done
388.14,36,1045.003407,partial,0.8666666666666667,done
406.87,63,1051.572779,partial,0.9333333333333333,done
392.06,44,1056.777426,partial,0.8666666666666667,done
372.07,43,1062.309354,partial,0.8666666666666667,done
404.03,47,1069.045212,partial,0.9333333333333333,done
396.67,33,1073.874147,partial,0.8,done
415.02,48,1079.695546,partial,0.9333333333333333,done
385.88,62,1085.516904,partial,0.8666666666666667,done
380.62,38,1090.335772,partial,0.8666666666666667,done
419.54,46,1096.644715,partial,0.9333333333333333,done
397.06,44,1102.949934,partial,0.9333333333333333,done
389.59,41,1107.675261,partial,0.8666666666666667,done
239.71,29,1111.673325,partial,0.7333333333333333,done
402.7,30,1116.199549,partial,0.9333333333333333,done
392.37,63,1123.492683,partial,0.8666666666666667,done
396.51,49,1129.40774,partial,0.8666666666666667,done
428.0,50,1136.391595,partial,0.9333333333333333,done
381.02,48,1141.13699,partial,0.8,done
427.94,56,1147.798501,partial,0.9333333333333333,done
414.06,44,1153.959146,partial,0.9333333333333333,done
380.87,63,1162.338438,partial,0.9333333333333333,done
391.64,86,1170.302347,partial,0.9333333333333333,done
386.13,37,1174.779132,partial,0.8666666666666667,done
406.47,53,1180.843611,partial,0.9333333333333333,done
378.94,56,1186.716625,partial,0.8666666666666667,done
400.61,39,1192.36634,partial,0.8,done
37.32,68,1197.599031,incomplete,0.0,questions.html
400.65,35,1202.551335,partial,0.8666666666666667,done
233.16,34,1207.12747,partial,0.7333333333333333,done
417.57,43,1213.939274,partial,0.9333333333333333,done
413.56,44,1219.79751,partial,0.9333333333333333,done
378.12,38,1224.678398,partial,0.8,done
399.08,42,1230.174149,partial,0.8,done
397.87,63,1236.592336,partial,0.9333333333333333,done
392.65,35,1241.927797,partial,0.8,done
404.94,56,1249.046367,partial,0.9333333333333333,done
401.05,45,1255.082926,partial,0.8,done
379.15,35,1259.794248,partial,0.8666666666666667,done
30.69,31,1262.907167,incomplete,0.0,index.html
416.53,47,1268.676412,partial,0.9333333333333333,done
252.0,50,1275.313426,partial,0.7333333333333333,done
428.44,56,1282.320562,partial,0.9333333333333333,done
411.57,43,1288.127454,partial,0.9333333333333333,done
420.6,40,1293.176592,partial,0.9333333333333333,done
24.69,31,1296.177144,incomplete,0.0,index.html
382.56,44,1301.501922,partial,0.8666666666666667,done
396.6,40,1306.872833,partial,0.8666666666666667,done
378.15,35,1310.767038,partial,0.8,done
397.06,44,1316.538962,partial,0.9333333333333333,done
237.87,63,1323.358595,partial,0.7333333333333333,done
376.98,52,1331.008178,partial,0.8666666666666667,done
420.84,66,1339.214824,partial,0.9333333333333333,done
386.86,64,1346.111825,partial,0.8666666666666667,done
401.98,52,1352.823367,partial,0.8,done
375.5,50,1360.478083,partial,0.9333333333333333,done
406.91,59,1368.689666,partial,0.9333333333333333,done
128.97,53,1374.307112,partial,0.6666666666666666,done
390.79,71,1381.711589,partial,0.8,done
395.65,35,1386.972198,partial,0.8666666666666667,done
384.42,58,1392.974101,partial,0.8,done
394.22,28,1398.119248,partial,0.8,done
382.98,52,1404.444003,partial,0.8,done
388.38,62,1411.136317,partial,0.8666666666666667,done
424.05,45,1417.371565,partial,0.9333333333333333,done
371.52,48,1423.348548,partial,0.8,done
390.19,31,1428.32942,partial,0.8666666666666667,done
397.13,37,1434.128866,partial,0.8666666666666667,done
392.2,30,1438.598312,partial,0.8666666666666667,done
369.56,44,1444.403712,partial,0.8666666666666667,done
382.92,58,1451.347102,partial,0.8666666666666667,done
391.51,49,1458.657022,partial,0.8666666666666667,done
398.64,36,1463.956585,partial,0.8,done
403.38,62,1470.348866,partial,0.9333333333333333,done
235.21,29,1474.819629,partial,0.7333333333333333,done
372.35,65,1481.784403,partial,0.8666666666666667,done
384.18,32,1487.152164,partial,0.8666666666666667,done
393.28,72,1494.42042,partial,0.8666666666666667,done
412.53,47,1500.079302,partial,0.9333333333333333,done
397.08,42,1505.637334,partial,0.9333333333333333,done
417.87,63,1512.730687,partial,0.9333333333333333,done
388.1,40,1518.953887,partial,0.8666666666666667,done
384.95,55,1527.254397,partial,0.9333333333333333,done
397.05,45,1532.839611,partial,0.8666666666666667,done
395.48,52,1538.875634,partial,0.8666666666666667,done
405.5,50,1544.545649,partial,0.9333333333333333,done
26.69,31,1547.900573,incomplete,0.0,index.html
421.52,48,1553.667477,partial,0.9333333333333333,done
244.2,30,1558.100781,partial,0.7333333333333333,done
81.4,60,1562.518757,incomplete,0.0,review.html
402.01,49,1569.382362,partial,0.8,done
22.69,31,1572.89245,incomplete,0.0,index.html
379.95,55,1578.679832,partial,0.8666666666666667,done
417.62,38,1583.869027,partial,0.9333333333333333,done
389.9,60,1590.549294,partial,0.9333333333333333,done
390.13,37,1596.237645,partial,0.8666666666666667,done
379.97,53,1601.825406,partial,0.8,done
384.21,29,1605.932078,partial,0.8,done
419.11,39,1610.964211,partial,0.9333333333333333,done
30.69,31,1614.196515,incomplete,0.0,index.html
380.92,58,1619.630866,partial,0.8666666666666667,done
366.89,61,1625.54342,partial,0.8666666666666667,done
382.63,37,1629.873143,partial,0.8,done
408.59,41,1635.142196,partial,0.9333333333333333,done
414.67,33,1639.823324,partial,0.9333333333333333,done
393.5,50,1646.463272,partial,0.8,done
378.56,44,1652.303299,partial,0.8,done
378.68,32,1656.764942,partial,0.8,done
394.15,35,1662.111128,partial,0.8666666666666667,done
401.12,38,1667.555082,partial,0.8,done
385.38,62,1675.464074,partial,0.8666666666666667,done
366.94,56,1685.896449,partial,0.9333333333333333,done
237.98,52,1691.560042,partial,0.7333333333333333,done
413.1,40,1696.417502,partial,0.9333333333333333,done
380.67,33,1701.143708,partial,0.8666666666666667,done
375.56,44,1706.606793,partial,0.8666666666666667,done
48.27,73,1712.9596,incomplete,0.0,questions.html
376.49,51,1718.009675,partial,0.8,done
414.74,26,1722.108366,partial,0.9333333333333333,done
402.43,57,1727.997938,partial,0.9333333333333333,done
10.69,31,1731.099172,incomplete,0.0,index.html
226.46,54,1737.056863,partial,0.7333333333333333,done
408.9,60,1743.372138,partial,0.9333333333333333,done
402.4,60,1749.257573,partial,0.9333333333333333,done
412.09,41,1754.41078,partial,0.9333333333333333,done
34.81,69,1760.551141,incomplete,0.0,questions.html
375.08,42,1765.643902,partial,0.8666666666666667,done
387.15,35,1771.400185,partial,0.8666666666666667,done
236.65,35,1775.68924,partial,0.7333333333333333,done
384.65,35,1780.400196,partial,0.8666666666666667,done
401.56,44,1786.887467,partial,0.9333333333333333,done
397.91,59,1795.383256,partial,0.9333333333333333,done
403.55,45,1800.137872,partial,0.9333333333333333,done
370.43,57,1805.644389,partial,0.8666666666666667,done
236.5,50,1810.958936,partial,0.7333333333333333,done
420.43,57,1817.809888,partial,0.9333333333333333,done
393.43,57,1824.699014,partial,0.9333333333333333,done
388.21,29,1829.048159,partial,0.8,done
378.5,50,1834.53071,partial,0.8666666666666667,done
418.07,43,1840.390454,partial,0.9333333333333333,done
364.77,73,1851.712141,partial,0.9333333333333333,done
373.34,66,1858.406766,partial,0.8666666666666667,done
127.04,46,1863.476238,partial,0.6666666666666666,done
393.97,53,1869.180708,partial,0.8666666666666667,done
247.11,39,1874.199145,partial,0.7333333333333333,done
374.54,46,1880.376941,partial,0.8666666666666667,done
377.46,54,1886.515038,partial,0.8666666666666667,done
401.53,47,1891.420034,partial,0.9333333333333333,done
235.36,64,1897.921687,partial,0.7333333333333333,done
243.13,37,1902.408409,partial,0.7333333333333333,done
389.68,32,1907.714987,partial,0.8666666666666667,done
419.44,56,1914.60166,partial,0.9333333333333333,done
395.08,42,1920.137123,partial,0.8,done
240.63,37,1924.658552,partial,0.7333333333333333,done
404.06,44,1930.2514,partial,0.9333333333333333,done
387.04,46,1935.766377,partial,0.8,done
412.85,65,1942.861684,partial,0.9333333333333333,done
373.53,47,1949.089089,partial,0.8666666666666667,done
402.09,41,1954.436394,partial,0.9333333333333333,done
399.46,54,1960.927189,partial,0.8666666666666667,done
404.47,53,1967.687992,partial,0.9333333333333333,done
379.58,42,1972.785474,partial,0.8666666666666667,done
403.59,41,1977.359722,partial,0.9333333333333333,done
236.14,36,1981.986073,partial,0.7333333333333333,done
395.65,35,1986.882445,partial,0.8666666666666667,done
391.7,30,1991.902634,partial,0.8666666666666667,done
397.43,57,1999.648818,partial,0.8,done
397.01,49,2005.226567,partial,0.9333333333333333,done
417.64,36,2010.482761,partial,0.9333333333333333,done
380.95,55,2016.170487,partial,0.8666666666666667,done
26.69,31,2019.376807,incomplete,0.0,index.html
245.59,41,2025.133092,partial,0.7333333333333333,done
393.92,58,2032.360225,partial,0.9333333333333333,done
392.91,59,2038.581188,partial,0.8666666666666667,done
398.6,40,2043.9147,partial,0.8666666666666667,done
369.05,45,2049.857903,partial,0.8666666666666667,done
250.49,51,2056.277257,partial,0.7333333333333333,done
381.55,45,2061.109063,partial,0.8,done
404.61,39,2065.529243,partial,0.9333333333333333,done
398.57,43,2070.537805,partial,0.9333333333333333,done
392.75,25,2074.811874,partial,0.8,done
347.14,86,2085.279282,partial,0.9333333333333333,done
377.9,60,2091.581465,partial,0.8666666666666667,done
389.64,36,2096.857514,partial,0.8666666666666667,done
234.69,31,2101.077773,partial,0.7333333333333333,done
243.59,41,2107.230535,partial,0.7333333333333333,done
378.41,59,2113.205048,partial,0.8,done
400.03,47,2119.77684,partial,0.8666666666666667,done
411.82,68,2127.445188,partial,0.9333333333333333,done
385.14,36,2131.8095,partial,0.8666666666666667,done
221.05,45,2137.205745,partial,0.7333333333333333,done
402.96,54,2143.779408,partial,0.9333333333333333,done
235.63,37,2148.416921,partial,0.7333333333333333,done
388.57,43,2153.504712,partial,0.8666666666666667,done
386.03,47,2158.915636,partial,0.8666666666666667,done
23.26,74,2166.25447,incomplete,0.0,questions.html
404.26,74,2173.524672,partial,0.9333333333333333,done
239.62,38,2178.707455,partial,0.7333333333333333,done
377.71,29,2183.885959,partial,0.8666666666666667,done
408.07,43,2189.002953,partial,0.9333333333333333,done
382.19,31,2194.134275,partial,0.8,done
411.16,34,2199.081843,partial,0.9333333333333333,done
244.23,27,2203.589964,partial,0.7333333333333333,done
383.14,36,2207.966759,partial,0.8,done
391.58,42,2212.909799,partial,0.8666666666666667,done
382.06,44,2218.230941,partial,0.8666666666666667,done
373.02,48,2223.969418,partial,0.8666666666666667,done
29.82,68,2230.000978,incomplete,0.0,questions.html
370.54,46,2235.857778,partial,0.8666666666666667,done
386.67,33,2240.121241,partial,0.8,done
381.38,62,2249.723209,partial,0.9333333333333333,done
384.49,51,2255.63685,partial,0.8666666666666667,done
381.0,50,2260.769931,partial,0.8666666666666667,done
409.69,31,2265.238143,partial,0.9333333333333333,done
397.87,63,2272.788841,partial,0.9333333333333333,done
397.48,52,2279.840455,partial,0.8666666666666667,done
30.69,31,2283.298379,incomplete,0.0,index.html
405.01,49,2289.603689,partial,0.9333333333333333,done
387.01,49,2294.992988,partial,0.8666666666666667,done
232.15,35,2299.411525,partial,0.7333333333333333,done
377.08,42,2304.566323,partial,0.8,done
389.02,48,2310.817814,partial,0.8666666666666667,done
383.09,41,2315.569229,partial,0.8666666666666667,done
407.54,46,2321.338735,partial,0.9333333333333333,done
391.5,50,2326.102654,partial,0.9333333333333333,done
406.57,43,2331.644291,partial,0.9333333333333333,done
377.93,57,2338.271887,partial,0.8,done
399.95,55,2344.314799,partial,0.9333333333333333,done
380.58,42,2349.88104,partial,0.8,done
383.79,71,2358.152604,partial,0.9333333333333333,done
384.96,54,2365.194631,partial,0.9333333333333333,done
369.0,50,2371.541779,partial,0.8666666666666667,done
381.49,51,2377.63011,partial,0.8666666666666667,done
398.02,48,2382.623137,partial,0.9333333333333333,done
377.52,48,2387.469077,partial,0.8666666666666667,done
395.64,36,2392.328261,partial,0.8,done
382.56,44,2397.9162,partial,0.8,done
372.52,48,2403.259152,partial,0.8666666666666667,done
389.43,57,2410.197735,partial,0.9333333333333333,done
384.64,36,2414.844771,partial,0.8666666666666667,done
404.55,45,2420.473186,partial,0.9333333333333333,done
386.59,41,2426.147455,partial,0.8666666666666667,done
386.46,54,2431.721177,partial,0.8666666666666667,done
246.95,55,2437.940722,partial,0.7333333333333333,done
396.06,44,2444.769965,partial,0.9333333333333333,done
394.51,49,2450.764345,partial,0.8666666666666667,done
384.57,43,2455.934137,partial,0.8,done
232.62,38,2460.815505,partial,0.7333333333333333,done
384.21,29,2464.708139,partial,0.8666666666666667,done
383.16,34,2469.05881,partial,0.8,done
412.52,48,2476.647896,partial,0.9333333333333333,done
420.95,55,2483.353774,partial,0.9333333333333333,done
219.07,43,2487.823646,partial,0.7333333333333333,done
245.12,38,2493.233371,partial,0.7333333333333333,done
390.14,36,2497.858805,partial,0.8666666666666667,done
392.95,55,2504.72934,partial,0.8,done
390.02,48,2510.428627,partial,0.8,done
400.06,44,2515.793076,partial,0.9333333333333333,done
419.59,41,2521.66113,partial,0.9333333333333333,done
355.93,57,2530.152,partial,0.8666666666666667,done
377.99,51,2535.667385,partial,0.8,done
398.9,60,2542.121824,partial,0.9333333333333333,done
381.04,46,2547.630044,partial,0.8666666666666667,done
232.7,30,2551.671512,partial,0.7333333333333333,done
246.08,42,2556.936897,partial,0.7333333333333333,done
390.05,45,2562.476484,partial,0.8666666666666667,done
383.61,39,2567.611901,partial,0.8666666666666667,done
395.53,47,2573.755298,partial,0.9333333333333333,done
382.95,55,2579.797102,partial,0.8,done
397.5,50,2585.024821,partial,0.9333333333333333,done
389.63,37,2590.320666,partial,0.8666666666666667,done
401.21,79,2598.790214,partial,0.9333333333333333,done
402.92,58,2604.576358,partial,0.9333333333333333,done
378.87,63,2610.818208,partial,0.8,done
375.56,44,2615.749401,partial,0.8,done
381.53,47,2621.192953,partial,0.8666666666666667,done
226.7,30,2625.839332,partial,0.7333333333333333,done
382.94,56,2634.079471,partial,0.9333333333333333,done
240.64,36,2638.696865,partial,0.7333333333333333,done
413.57,43,2644.160719,partial,0.9333333333333333,done
376.52,48,2652.044434,partial,0.9333333333333333,done
396.11,39,2658.273678,partial,0.9333333333333333,done
402.63,37,2663.621521,partial,0.9333333333333333,done
393.62,38,2668.608504,partial,0.8666666666666667,done
387.62,38,2673.276666,partial,0.8666666666666667,done
420.44,56,2680.60009,partial,0.9333333333333333,done
23.86,64,2686.209268,incomplete,0.0,questions.html
393.61,39,2691.364896,partial,0.8666666666666667,done
381.11,39,2695.85731,partial,0.8,done
381.95,55,2702.169088,partial,0.8666666666666667,done
374.48,52,2707.558415,partial,0.8666666666666667,done
388.03,47,2713.319512,partial,0.8666666666666667,done
407.03,47,2719.960986,partial,0.9333333333333333,done
394.97,53,2725.309461,partial,0.9333333333333333,done
408.7,30,2729.514536,partial,0.9333333333333333,done
411.48,52,2736.232071,partial,0.9333333333333333,done
379.52,48,2741.962816,partial,0.8666666666666667,done
378.0,50,2747.135728,partial,0.8666666666666667,done
393.71,29,2751.680415,partial,0.8,done
379.62,38,2756.07686,partial,0.8,done
382.04,46,2761.369809,partial,0.8,done
373.46,54,2767.578944,partial,0.8666666666666667,done
382.65,35,2772.123571,partial,0.8,done
417.49,51,2778.460516,partial,0.9333333333333333,done
403.13,37,2783.133886,partial,0.9333333333333333,done
383.57,43,2788.91963,partial,0.8,done
394.57,43,2794.231712,partial,0.8666666666666667,done
415.96,54,2800.586986,partial,0.9333333333333333,done
384.97,53,2806.125372,partial,0.8,done
409.59,41,2811.711609,partial,0.9333333333333333,done
377.09,41,2816.778132,partial,0.8,done
234.08,42,2822.606251,partial,0.7333333333333333,done
240.22,28,2826.934218,partial,0.7333333333333333,done
383.68,32,2831.087332,partial,0.8666666666666667,done
383.48,52,2836.777222,partial,0.8,done
399.21,79,2845.253164,partial,0.9333333333333333,done
400.46,54,2851.768929,partial,0.9333333333333333,done
388.05,45,2857.333699,partial,0.8666666666666667,done
388.6,40,2862.692465,partial,0.8666666666666667,done
369.01,49,2869.605019,partial,0.8666666666666667,done
385.57,43,2875.267659,partial,0.8666666666666667,done
392.14,36,2882.303007,partial,0.9333333333333333,done
27.92,58,2887.371502,incomplete,0.0,questions.html
389.18,32,2892.488175,partial,0.8,done
395.5,50,2900.80464,partial,0.9333333333333333,done
220.98,52,2906.233034,partial,0.7333333333333333,done
247.07,43,2912.840367,partial,0.7333333333333333,done
218.52,48,2918.147423,partial,0.7333333333333333,done
390.13,37,2923.126425,partial,0.8666666666666667,done
378.61,39,2927.882431,partial,0.8666666666666667,done
401.0,50,2934.760969,partial,0.8666666666666667,done
62.69,31,2938.636864,incomplete,0.0,experience.html
246.14,36,2944.026893,partial,0.7333333333333333,done
385.04,46,2949.689185,partial,0.8666666666666667,done
392.09,41,2955.112425,partial,0.8666666666666667,done
387.15,35,2960.775036,partial,0.8666666666666667,done
392.11,39,2966.752263,partial,0.8,done
226.62,38,2972.461451,partial,0.7333333333333333,done
384.19,31,2976.822157,partial,0.8666666666666667,done
384.14,36,2981.388694,partial,0.8666666666666667,done
225.01,49,2987.702751,partial,0.7333333333333333,done
223.4,60,2994.027836,partial,0.7333333333333333,done
426.47,53,3000.646062,partial,0.9333333333333333,done
399.58,42,3005.815673,partial,0.9333333333333333,done
237.16,34,3010.693772,partial,0.7333333333333333,done
244.55,45,3016.639486,partial,0.7333333333333333,done
384.11,39,3022.340618,partial,0.8,done
407.1,40,3027.843548,partial,0.9333333333333333,done
377.04,46,3032.988274,partial,0.8,done
406.05,45,3039.188393,partial,0.9333333333333333,done
358.51,49,3046.187852,partial,0.8666666666666667,done
400.02,48,3051.460509,partial,0.9333333333333333,done
375.52,48,3057.613035,partial,0.8666666666666667,done
366.92,58,3062.862438,partial,0.8666666666666667,done
238.17,33,3067.076806,partial,0.7333333333333333,done
379.98,52,3072.492633,partial,0.8666666666666667,done
383.64,36,3078.034854,partial,0.8,done
402.59,41,3084.052758,partial,0.9333333333333333,done
28.69,31,3087.290907,incomplete,0.0,index.html
369.44,56,3093.370052,partial,0.8666666666666667,done
388.7,30,3098.304201,partial,0.8,done
373.27,73,3105.887595,partial,0.9333333333333333,done
386.02,48,3111.519806,partial,0.8666666666666667,done
382.01,49,3117.405342,partial,0.8,done
378.53,47,3124.340794,partial,0.8666666666666667,done
383.55,45,3129.608123,partial,0.8,done
373.58,42,3134.556711,partial,0.8666666666666667,done
384.86,64,3142.594893,partial,0.9333333333333333,done
393.96,54,3147.517508,partial,0.9333333333333333,done
373.48,52,3152.773981,partial,0.8666666666666667,done
359.64,36,3160.720483,partial,0.8666666666666667,done
249.54,46,3167.039465,partial,0.7333333333333333,done
390.07,43,3172.438906,partial,0.8,done
384.6,40,3177.313111,partial,0.8,done
231.71,29,3181.533221,partial,0.7333333333333333,done
400.09,41,3187.354057,partial,0.8666666666666667,done
362.46,54,3193.099206,partial,0.8,done
379.53,47,3198.641063,partial,0.8666666666666667,done
396.96,54,3205.172023,partial,0.8,done
383.61,39,3209.837817,partial,0.8,done
349.87,63,3221.097762,partial,0.9333333333333333,done
387.05,45,3227.619471,partial,0.9333333333333333,done
388.67,33,3232.471012,partial,0.8,done
394.02,48,3238.189955,partial,0.9333333333333333,done
380.49,51,3245.210129,partial,0.9333333333333333,done
398.38,62,3252.097798,partial,0.9333333333333333,done
372.38,62,3259.938351,partial,0.8666666666666667,done
380.1,40,3264.458206,partial,0.8666666666666667,done
389.7,30,3268.648027,partial,0.8666666666666667,done
385.97,53,3273.950371,partial,0.8666666666666667,done
367.4,60,3281.64226,partial,0.8666666666666667,done
391.15,35,3286.685715,partial,0.8,done
385.97,53,3292.334556,partial,0.8666666666666667,done
388.09,41,3297.430057,partial,0.8666666666666667,done
406.12,38,3302.047162,partial,0.9333333333333333,done
390.05,45,3307.598722,partial,0.8,done
388.34,66,3314.681662,partial,0.8666666666666667,done
389.54,46,3320.799311,partial,0.8666666666666667,done
377.07,43,3325.659375,partial,0.8666666666666667,done
386.18,82,3333.201771,partial,0.9333333333333333,done
409.46,54,3339.161781,partial,0.9333333333333333,done
396.14,36,3344.804949,partial,0.8666666666666667,done
376.58,42,3349.780626,partial,0.8666666666666667,done
387.68,32,3353.959764,partial,0.8666666666666667,done
376.45,55,3361.449705,partial,0.9333333333333333,done
383.43,57,3370.384576,partial,0.9333333333333333,done
40.31,69,3376.823678,incomplete,0.0,questions.html
383.44,56,3383.068276,partial,0.8,done
388.71,29,3387.617273,partial,0.8666666666666667,done
369.97,53,3395.880187,partial,0.9333333333333333,done
367.51,49,3402.075837,partial,0.8666666666666667,done
371.57,43,3407.047574,partial,0.8666666666666667,done
408.1,40,3412.423177,partial,0.9333333333333333,done
371.62,38,3416.742123,partial,0.8,done
385.17,33,3420.94452,partial,0.8666666666666667,done
145.23,27,3425.415784,partial,0.6666666666666666,done
381.92,58,3433.112949,partial,0.9333333333333333,done
384.15,35,3437.858801,partial,0.8,done
382.55,45,3442.80786,partial,0.8666666666666667,done
384.02,48,3447.79731,partial,0.8,done
390.12,38,3452.967567,partial,0.8666666666666667,done
404.42,58,3459.62689,partial,0.9333333333333333,done
407.13,37,3464.445221,partial,0.9333333333333333,done
383.63,37,3469.256932,partial,0.8666666666666667,done
413.04,46,3475.62519,partial,0.9333333333333333,done
403.03,47,3481.913516,partial,0.9333333333333333,done
393.96,54,3488.589564,partial,0.9333333333333333,done
385.58,42,3494.011233,partial,0.8666666666666667,done
396.13,37,3499.118355,partial,0.8,done
395.61,39,3505.203194,partial,0.8666666666666667,done
407.64,36,3510.788198,partial,0.9333333333333333,done
392.09,41,3516.718357,partial,0.8666666666666667,done
397.59,41,3521.653867,partial,0.9333333333333333,done
386.52,48,3527.452771,partial,0.8666666666666667,done
384.19,31,3531.542625,partial,0.8,done
376.56,44,3538.226334,partial,0.8666666666666667,done
52.81,69,3543.70831,incomplete,0.0,review.html
361.88,62,3549.552037,partial,0.8666666666666667,done
381.91,59,3556.153012,partial,0.8,done
399.86,64,3563.027126,partial,0.9333333333333333,done
235.21,29,3567.357491,partial,0.7333333333333333,done
397.98,52,3573.125377,partial,0.9333333333333333,done
412.98,52,3579.459556,partial,0.9333333333333333,done
363.95,55,3584.357226,partial,0.8666666666666667,done
401.53,47,3589.354058,partial,0.9333333333333333,done
378.99,51,3595.189103,partial,0.8,done
41.76,74,3601.722413,incomplete,0.0,questions.html
419.53,47,3607.505693,partial,0.9333333333333333,done
413.58,42,3612.925472,partial,0.9333333333333333,done
390.63,37,3617.949275,partial,0.8666666666666667,done
399.52,48,3623.87185,partial,0.9333333333333333,done
377.95,55,3629.792861,partial,0.8666666666666667,done
385.77,23,3634.162527,partial,0.8,done
414.58,42,3639.408677,partial,0.9333333333333333,done
353.98,52,3645.416514,partial,0.8666666666666667,done
375.39,61,3651.314463,partial,0.8,done
404.1,40,3656.471309,partial,0.9333333333333333,done
410.93,57,3663.544649,partial,0.9333333333333333,done
411.96,54,3669.297371,partial,0.9333333333333333,done
382.98,52,3674.9438,partial,0.8666666666666667,done
358.84,66,3681.146675,partial,0.8666666666666667,done
373.05,45,3687.189173,partial,0.8666666666666667,done
387.16,34,3691.939976,partial,0.8,done
401.65,35,3696.785399,partial,0.9333333333333333,done
405.6,40,3701.405713,partial,0.9333333333333333,done
26.34,66,3706.229026,incomplete,0.0,questions.html
394.61,39,3711.460684,partial,0.8666666666666667,done
225.1,40,3716.14519,partial,0.7333333333333333,done
411.64,36,3720.832529,partial,0.9333333333333333,done
396.65,35,3726.014158,partial,0.8,done
231.55,45,3731.282508,partial,0.7333333333333333,done
395.01,49,3736.613564,partial,0.9333333333333333,done
397.85,65,3743.390314,partial,0.9333333333333333,done
372.9,60,3748.889897,partial,0.8666666666666667,done
398.5,50,3754.894528,partial,0.8666666666666667,done
383.66,34,3759.625351,partial,0.8666666666666667,done
404.06,44,3765.295467,partial,0.9333333333333333,done
390.69,31,3769.907735,partial,0.8666666666666667,done
218.94,56,3775.236212,partial,0.7333333333333333,done
400.58,42,3780.083488,partial,0.9333333333333333,done
29.83,67,3785.797725,incomplete,0.0,questions.html
402.0,50,3792.316933,partial,0.8666666666666667,done
410.06,44,3798.177316,partial,0.9333333333333333,done
381.68,32,3802.607635,partial,0.8,done
389.82,68,3808.553021,partial,0.9333333333333333,done
385.45,55,3814.589965,partial,0.8666666666666667,done
389.8,70,3822.11864,partial,0.8666666666666667,done
243.15,35,3827.368789,partial,0.7333333333333333,done
139.28,22,3830.842654,partial,0.6666666666666666,done
376.6,40,3835.209175,partial,0.8666666666666667,done
370.4,60,3840.93482,partial,0.8,done
406.84,66,3849.142376,partial,0.9333333333333333,done
375.51,49,3854.060642,partial,0.8,done
381.14,36,3859.142905,partial,0.8,done
374.03,47,3864.192217,partial,0.8,done
395.61,39,3869.891013,partial,0.8666666666666667,done
360.63,37,3876.926963,partial,0.8666666666666667,done
372.15,35,3882.46057,partial,0.8666666666666667,done
403.44,56,3888.215628,partial,0.9333333333333333,done
387.97,53,3894.095716,partial,0.8,done
132.61,39,3899.462752,partial,0.6666666666666666,done
400.08,42,3904.999144,partial,0.9333333333333333,done
383.08,42,3910.289264,partial,0.8666666666666667,done
392.05,45,3915.612401,partial,0.8,done
378.03,47,3920.980647,partial,0.8,done
407.61,39,3926.4298,partial,0.9333333333333333,done
30.33,67,3931.994159,incomplete,0.0,questions.html
353.9,60,3937.10708,partial,0.8666666666666667,done
379.16,34,3941.333668,partial,0.8,done
382.65,35,3946.240222,partial,0.8666666666666667,done
398.0,50,3952.412153,partial,0.8666666666666667,done
403.49,51,3958.282646,partial,0.9333333333333333,done
371.53,47,3963.634509,partial,0.8666666666666667,done
386.66,34,3968.556257,partial,0.8666666666666667,done
412.96,54,3974.984987,partial,0.9333333333333333,done
376.92,58,3981.490244,partial,0.8666666666666667,done
408.9,60,3988.83638,partial,0.9333333333333333,done
376.05,45,3994.742214,partial,0.8666666666666667,done
409.99,51,4000.009394,partial,0.9333333333333333,done
406.61,39,4004.729295,partial,0.9333333333333333,done
393.5,50,4011.076235,partial,0.8,done
385.03,47,4016.640145,partial,0.8,done
30.69,31,4019.871803,incomplete,0.0,index.html
47.36,64,4024.531752,incomplete,0.0,questions.html
408.63,37,4029.257555,partial,0.9333333333333333,done
391.68,32,4034.315892,partial,0.8,done
399.52,48,4041.628087,partial,0.8,done
398.1,40,4047.307765,partial,0.8,done
378.58,42,4052.74113,partial,0.8666666666666667,done
372.89,61,4060.993952,partial,0.9333333333333333,done
382.09,41,4067.418236,partial,0.8666666666666667,done
393.78,72,4075.601737,partial,0.9333333333333333,done
394.05,45,4081.401881,partial,0.8,done
391.93,57,4086.869111,partial,0.9333333333333333,done
394.56,44,4092.242189,partial,0.8666666666666667,done
395.55,45,4098.223368,partial,0.8666666666666667,done
379.13,37,4104.410084,partial,0.8666666666666667,done
389.15,35,4109.443433,partial,0.8666666666666667,done
373.91,59,4114.958289,partial,0.8666666666666667,done
373.53,47,4119.622813,partial,0.8,done
219.98,52,4124.997177,partial,0.7333333333333333,done
389.96,54,4131.717436,partial,0.8666666666666667,done
400.04,46,4137.128342,partial,0.9333333333333333,done
404.56,44,4142.195041,partial,0.9333333333333333,done
397.08,42,4148.10004,partial,0.9333333333333333,done
244.16,34,4153.37438,partial,0.7333333333333333,done
387.11,39,4158.818728,partial,0.8666666666666667,done
385.97,53,4166.295022,partial,0.8666666666666667,done
380.56,44,4171.3947,partial,0.8666666666666667,done
399.59,41,4176.379973,partial,0.9333333333333333,done
389.32,68,4185.498662,partial,0.9333333333333333,done
392.57,43,4191.906183,partial,0.8,done
398.59,41,4197.239021,partial,0.9333333333333333,done
376.44,56,4203.3667,partial,0.8,done
225.58,42,4208.428186,partial,0.7333333333333333,done
420.35,65,4216.380108,partial,0.9333333333333333,done
404.53,47,4222.991757,partial,0.9333333333333333,done
381.02,48,4228.080722,partial,0.8666666666666667,done
430.5,50,4235.007673,partial,0.9333333333333333,done
384.42,58,4240.992847,partial,0.8666666666666667,done
389.66,34,4245.728,partial,0.8666666666666667,done
405.13,37,4250.592699,partial,0.9333333333333333,done
403.88,62,4257.926193,partial,0.9333333333333333,done
381.64,36,4262.207213,partial,0.8,done
379.5,50,4267.316536,partial,0.8666666666666667,done
396.56,44,4273.602211,partial,0.8666666666666667,done
392.55,45,4279.735525,partial,0.8666666666666667,done
387.61,39,4284.674467,partial,0.8666666666666667,done
407.69,31,4289.501674,partial,0.9333333333333333,done
412.6,40,4294.380065,partial,0.9333333333333333,done
387.35,65,4301.11926,partial,0.9333333333333333,done
391.65,35,4306.293143,partial,0.8666666666666667,done
405.08,42,4311.403124,partial,0.9333333333333333,done
407.39,61,4317.721401,partial,0.9333333333333333,done
388.13,37,4322.772843,partial,0.8666666666666667,done
391.15,35,4327.877569,partial,0.8,done
246.62,38,4333.470074,partial,0.7333333333333333,done
390.54,46,4339.676965,partial,0.8666666666666667,done
415.1,40,4344.650001,partial,0.9333333333333333,done
390.59,41,4349.690346,partial,0.8666666666666667,done
403.5,50,4355.871743,partial,0.9333333333333333,done
384.6,40,4361.399461,partial,0.8,done
373.87,63,4367.835211,partial,0.8666666666666667,done
233.25,25,4371.702741,partial,0.7333333333333333,done
225.08,42,4376.238545,partial,0.7333333333333333,done
397.53,47,4381.507891,partial,0.9333333333333333,done
404.46,54,4388.491695,partial,0.8666666666666667,done
371.96,54,4393.8581,partial,0.8,done
391.7,30,4398.109602,partial,0.8666666666666667,done
402.94,56,4404.757026,partial,0.9333333333333333,done
396.65,35,4410.069114,partial,0.8666666666666667,done
401.9,60,4416.138291,partial,0.9333333333333333,done
347.72,78,4426.73492,partial,0.9333333333333333,done
24.69,31,4429.935322,incomplete,0.0,index.html
378.53,47,4434.856603,partial,0.8,done
411.44,56,4441.068775,partial,0.9333333333333333,done
404.11,39,4446.24145,partial,0.9333333333333333,done
409.04,46,4452.42505,partial,0.8,done
215.58,42,4458.152791,partial,0.7333333333333333,done
407.67,33,4462.449359,partial,0.9333333333333333,done
377.41,59,4470.21286,partial,0.8666666666666667,done
399.09,41,4475.726378,partial,0.8666666666666667,done
232.61,39,4481.188279,partial,0.7333333333333333,done
407.59,41,4486.362645,partial,0.9333333333333333,done
381.02,48,4493.135045,partial,0.8666666666666667,done
381.49,51,4498.94694,partial,0.8666666666666667,done
373.09,41,4505.103335,partial,0.8,done
392.67,33,4510.41849,partial,0.8666666666666667,done
397.05,45,4515.925232,partial,0.9333333333333333,done
385.14,36,4520.441289,partial,0.8666666666666667,done
408.47,53,4526.341968,partial,0.9333333333333333,done
396.57,43,4532.654726,partial,0.8666666666666667,done
371.01,49,4537.491574,partial,0.8,done
394.16,34,4542.430328,partial,0.8666666666666667,done
230.2,30,4546.504488,partial,0.7333333333333333,done
378.97,53,4552.335748,partial,0.8666666666666667,done
385.1,40,4557.831722,partial,0.8,done
34.34,66,4563.551613,incomplete,0.0,questions.html
408.5,50,4569.240362,partial,0.9333333333333333,done
391.71,79,4577.346248,partial,0.9333333333333333,done
385.61,39,4583.007626,partial,0.8,done
383.95,55,4589.751101,partial,0.8,done
45.62,88,4596.84895,incomplete,0.0,questions.html
406.96,54,4602.700449,partial,0.9333333333333333,done
41.05,95,4609.912855,incomplete,0.0,questions.html
383.02,48,4615.42849,partial,0.8666666666666667,done
371.43,57,4621.636779,partial,0.8,done
391.39,61,4627.605607,partial,0.9333333333333333,done
28.69,31,4631.426395,incomplete,0.0,index.html
387.32,68,4638.298509,partial,0.8,done
383.05,45,4643.81374,partial,0.8666666666666667,done
402.35,65,4650.499485,partial,0.9333333333333333,done
379.49,51,4655.978445,partial,0.8666666666666667,done
391.52,48,4662.070664,partial,0.8666666666666667,done
374.56,44,4667.385916,partial,0.8666666666666667,done
401.06,44,4673.507352,partial,0.9333333333333333,done
407.18,32,4678.691313,partial,0.9333333333333333,done
387.86,64,4686.846585,partial,0.9333333333333333,done
380.02,48,4691.794452,partial,0.8666666666666667,done
22.69,31,4695.118629,incomplete,0.0,index.html
372.52,48,4700.685973,partial,0.8666666666666667,done
401.01,49,4706.457833,partial,0.9333333333333333,done
415.66,34,4711.388068,partial,0.9333333333333333,done
388.95,55,4717.476124,partial,0.8666666666666667,done
393.49,51,4722.493865,partial,0.9333333333333333,done
418.45,55,4729.947012,partial,0.9333333333333333,done
385.27,73,4736.380195,partial,0.9333333333333333,done
395.92,58,4742.182459,partial,0.9333333333333333,done
380.16,34,4746.702591,partial,0.8666666666666667,done
367.27,73,4752.875325,partial,0.8666666666666667,done
399.07,43,4758.767463,partial,0.8,done
383.04,46,4764.356253,partial,0.8,done
410.06,44,4770.586327,partial,0.9333333333333333,done
234.45,55,4776.239108,partial,0.7333333333333333,done
387.59,41,4781.31059,partial,0.8666666666666667,done
383.52,48,4786.975834,partial,0.8666666666666667,done
415.05,45,4793.221035,partial,0.9333333333333333,done
384.66,34,4797.609065,partial,0.8,done
388.15,35,4802.221856,partial,0.8,done
381.46,54,4807.631918,partial,0.8666666666666667,done
401.45,55,4814.247475,partial,0.9333333333333333,done
364.06,44,4821.737515,partial,0.8666666666666667,done
386.03,47,4827.346384,partial,0.8666666666666667,done
388.47,53,4833.394329,partial,0.8,done
414.08,42,4838.68623,partial,0.9333333333333333,done
392.17,33,4844.060879,partial,0.8666666666666667,done
413.07,43,4849.986422,partial,0.9333333333333333,done
387.55,45,4855.848666,partial,0.8,done
411.1,40,4861.389991,partial,0.9333333333333333,done
393.7,30,4865.947014,partial,0.8,done
394.1,40,4871.171198,partial,0.8,done
410.05,45,4878.388313,partial,0.9333333333333333,done
246.72,28,4883.894543,partial,0.7333333333333333,done
382.57,43,4888.952164,partial,0.8666666666666667,done
392.49,51,4893.9726,partial,0.9333333333333333,done
232.65,35,4898.848624,partial,0.7333333333333333,done
401.49,51,4905.457872,partial,0.9333333333333333,done
365.02,48,4912.934735,partial,0.8,done
235.15,35,4918.013927,partial,0.7333333333333333,done
390.68,32,4923.483672,partial,0.8666666666666667,done
400.0,50,4930.216159,partial,0.8666666666666667,done
7.9,60,4936.268703,incomplete,0.0,questions.html
390.07,43,4942.072249,partial,0.8,done
376.08,42,4946.764859,partial,0.8,done
394.16,34,4951.53334,partial,0.8,done
382.47,53,4957.285642,partial,0.8,done
364.06,44,4964.155066,partial,0.8,done
388.14,36,4968.986812,partial,0.8666666666666667,done
388.26,24,4972.956365,partial,0.8,done
368.4,60,4979.067475,partial,0.8,done
32.28,72,4985.756264,incomplete,0.0,questions.html
392.74,26,4990.481073,partial,0.8,done
398.52,48,4996.694756,partial,0.8666666666666667,done
410.48,52,5003.102318,partial,0.9333333333333333,done
408.15,35,5007.904672,partial,0.9333333333333333,done
400.94,56,5014.257759,partial,0.9333333333333333,done
381.53,47,5019.633344,partial,0.8666666666666667,done
392.96,54,5026.988797,partial,0.8666666666666667,done
377.06,44,5031.567897,partial,0.8,done
395.46,54,5036.55882,partial,0.9333333333333333,done
403.57,43,5042.525043,partial,0.9333333333333333,done
57.68,82,5050.336401,incomplete,0.0,questions.html
239.11,39,5055.652261,partial,0.7333333333333333,done
380.05,45,5061.218691,partial,0.8,done
376.56,44,5065.88517,partial,0.8666666666666667,done
378.94,56,5071.81344,partial,0.8666666666666667,done
391.1,40,5077.145246,partial,0.8,done
385.66,34,5081.78548,partial,0.8666666666666667,done
411.55,45,5087.248868,partial,0.9333333333333333,done
379.01,49,5092.592758,partial,0.8666666666666667,done
390.54,46,5098.530118,partial,0.8666666666666667,done
374.55,45,5103.95601,partial,0.8666666666666667,done
394.56,44,5110.232688,partial,0.8,done
393.16,34,5114.991048,partial,0.8666666666666667,done
411.7,30,5119.365175,partial,0.9333333333333333,done
381.43,57,5125.45216,partial,0.8666666666666667,done
242.16,34,5130.662035,partial,0.7333333333333333,done
412.73,27,5134.996574,partial,0.9333333333333333,done
390.6,40,5139.941266,partial,0.8666666666666667,done
389.63,37,5144.899152,partial,0.8,done
391.36,64,5151.875158,partial,0.8666666666666667,done
392.87,63,5158.817006,partial,0.8666666666666667,done
386.68,32,5163.478831,partial,0.8,done
386.54,46,5169.390284,partial,0.8666666666666667,done
380.64,36,5174.51012,partial,0.8,done
385.2,30,5179.234108,partial,0.8,done
414.06,44,5185.561418,partial,0.9333333333333333,done
379.53,47,5190.920436,partial,0.8,done
413.09,41,5195.809986,partial,0.9333333333333333,done
228.18,32,5200.518482,partial,0.7333333333333333,done
379.54,46,5206.095447,partial,0.8,done
234.73,27,5210.504966,partial,0.7333333333333333,done
385.03,47,5216.335742,partial,0.8,done
237.69,31,5220.806463,partial,0.7333333333333333,done
385.63,37,5226.089013,partial,0.8666666666666667,done
20.41,59,5230.623203,incomplete,0.0,questions.html
21.87,63,5236.774751,incomplete,0.0,questions.html
387.07,43,5242.136766,partial,0.8666666666666667,done
390.96,54,5248.288284,partial,0.8,done
390.88,62,5256.752429,partial,0.8666666666666667,done
238.67,33,5261.570851,partial,0.7333333333333333,done
226.67,33,5265.894536,partial,0.7333333333333333,done
397.2,30,5271.16805,partial,0.8666666666666667,done
232.75,25,5275.092644,partial,0.7333333333333333,done
237.71,29,5279.249861,partial,0.7333333333333333,done
383.11,39,5284.361066,partial,0.8,done
373.42,58,5291.683263,partial,0.8666666666666667,done
374.58,42,5297.215581,partial,0.8666666666666667,done
379.06,44,5302.278227,partial,0.8666666666666667,done
30.69,31,5305.615608,incomplete,0.0,index.html
389.53,47,5311.458144,partial,0.8666666666666667,done
380.52,48,5317.565247,partial,0.8666666666666667,done
398.0,50,5323.472354,partial,0.9333333333333333,done
413.68,32,5328.384971,partial,0.9333333333333333,done
401.06,44,5334.140003,partial,0.9333333333333333,done
389.02,48,5339.836921,partial,0.8,done
380.05,45,5345.22644,partial,0.8666666666666667,done
245.09,41,5350.923957,partial,0.7333333333333333,done
407.05,45,5355.709609,partial,0.9333333333333333,done
376.36,64,5361.375722,partial,0.8,done
384.16,34,5366.480957,partial,0.8,done
387.53,47,5372.34869,partial,0.8666666666666667,done
236.01,49,5378.094823,partial,0.7333333333333333,done
389.57,43,5383.300868,partial,0.8,done
74.4,60,5388.353044,incomplete,0.0,review.html
406.61,39,5393.562258,partial,0.9333333333333333,done
394.48,52,5400.986415,partial,0.9333333333333333,done
408.05,45,5406.480089,partial,0.9333333333333333,done
405.59,41,5411.435674,partial,0.9333333333333333,done
402.8,70,5419.353941,partial,0.9333333333333333,done
388.63,37,5424.395122,partial,0.8666666666666667,done
393.08,42,5431.160515,partial,0.9333333333333333,done
404.11,39,5436.475777,partial,0.9333333333333333,done
380.97,53,5441.887352,partial,0.8666666666666667,done
389.0,50,5448.739347,partial,0.8666666666666667,done
376.35,65,5455.821576,partial,0.8,done
406.16,34,5461.503826,partial,0.9333333333333333,done
399.49,51,5466.993255,partial,0.9333333333333333,done
386.17,33,5471.399124,partial,0.8666666666666667,done
376.63,37,5475.614558,partial,0.8,done
409.5,50,5482.15473,partial,0.9333333333333333,done
404.41,59,5488.742906,partial,0.9333333333333333,done
42.69,31,5492.724987,incomplete,0.0,experience.html
387.65,35,5497.381271,partial,0.8,done
415.98,52,5503.42596,partial,0.9333333333333333,done
412.95,55,5510.344745,partial,0.9333333333333333,done
385.18,32,5515.1933,partial,0.8666666666666667,done
387.12,38,5520.679851,partial,0.8,done
372.96,54,5525.717252,partial,0.8,done
375.55,45,5530.304308,partial,0.8666666666666667,done
380.72,28,5535.194094,partial,0.8,done
422.06,44,5541.705784,partial,0.9333333333333333,done
380.65,35,5546.254689,partial,0.8666666666666667,done
414.6,40,5551.494665,partial,0.9333333333333333,done
377.15,35,5556.150352,partial,0.8,done
403.53,47,5562.543382,partial,0.9333333333333333,done
387.56,44,5567.864683,partial,0.8666666666666667,done
382.51,49,5573.137229,partial,0.8666666666666667,done
393.64,36,5578.224902,partial,0.8666666666666667,done
391.03,47,5584.777067,partial,0.8666666666666667,done
401.98,52,5590.77647,partial,0.9333333333333333,done
398.59,41,5596.509327,partial,0.8,done
390.15,35,5601.577128,partial,0.8,done
388.11,39,5606.305695,partial,0.8666666666666667,done
420.44,56,5612.471653,partial,0.9333333333333333,done
392.29,71,5619.484259,partial,0.9333333333333333,done
423.02,48,5626.067186,partial,0.9333333333333333,done
405.64,36,5630.530685,partial,0.9333333333333333,done
392.15,35,5635.209061,partial,0.8666666666666667,done
384.13,37,5639.613683,partial,0.8666666666666667,done
31.85,65,5645.254723,incomplete,0.0,questions.html
394.07,43,5651.024325,partial,0.8666666666666667,done
388.58,42,5656.249508,partial,0.8666666666666667,done
416.72,28,5660.884651,partial,0.9333333333333333,done
385.59,41,5665.995286,partial,0.8,done
387.04,46,5671.856431,partial,0.8666666666666667,done
386.65,35,5677.07538,partial,0.8666666666666667,done
378.99,51,5683.398588,partial,0.8,done
252.54,46,5689.254217,partial,0.7333333333333333,done
228.09,41,5693.83981,partial,0.7333333333333333,done
391.0,50,5700.163574,partial,0.8666666666666667,done
375.43,57,5707.572867,partial,0.8666666666666667,done
392.21,29,5712.264036,partial,0.8,done
42.38,62,5717.510926,incomplete,0.0,questions.html
243.95,55,5723.870163,partial,0.7333333333333333,done
390.56,44,5729.519319,partial,0.8666666666666667,done
408.3,70,5736.319114,partial,0.9333333333333333,done
375.05,45,5742.002028,partial,0.8666666666666667,done
413.46,54,5748.69012,partial,0.9333333333333333,done
62.79,71,5755.096117,incomplete,0.0,questions.html
408.96,54,5761.267016,partial,0.9333333333333333,done
383.1,40,5766.32935,partial,0.8666666666666667,done
418.14,36,5771.950686,partial,0.9333333333333333,done
416.05,45,5777.213162,partial,0.9333333333333333,done
392.21,29,5781.499608,partial,0.8,done
400.39,61,5787.851352,partial,0.9333333333333333,done
371.93,57,5794.982112,partial,0.8666666666666667,done
392.63,37,5799.883859,partial,0.8,done
387.09,41,5805.067175,partial,0.8666666666666667,done
397.45,55,5810.853285,partial,0.9333333333333333,done
407.7,30,5815.563602,partial,0.9333333333333333,done
382.13,37,5820.461909,partial,0.8666666666666667,done
399.06,44,5826.648312,partial,0.8666666666666667,done
382.63,37,5831.63204,partial,0.8,done
370.96,54,5836.970422,partial,0.8666666666666667,done
393.0,50,5844.45705,partial,0.9333333333333333,done
381.47,53,5850.545795,partial,0.8,done
393.41,59,5857.875695,partial,0.8666666666666667,done
386.12,38,5862.663211,partial,0.8,done
390.43,57,5869.083468,partial,0.8666666666666667,done
383.08,42,5874.726212,partial,0.8666666666666667,done
376.36,64,5881.465779,partial,0.8666666666666667,done
408.53,47,5887.312499,partial,0.9333333333333333,done
390.67,33,5892.049644,partial,0.8666666666666667,done
391.18,32,5896.562959,partial,0.8666666666666667,done
387.18,32,5901.268455,partial,0.8,done
378.54,46,5907.791267,partial,0.8666666666666667,done
403.97,53,5913.974432,partial,0.9333333333333333,done
384.44,56,5919.312121,partial,0.9333333333333333,done
28.95,55,5923.698013,incomplete,0.0,questions.html
392.68,32,5928.679392,partial,0.8666666666666667,done
390.15,35,5934.044681,partial,0.8666666666666667,done
409.08,42,5940.348787,partial,0.9333333333333333,done
388.12,38,5945.193458,partial,0.8,done
360.91,59,5951.04983,partial,0.8,done
40.39,61,5956.462597,incomplete,0.0,questions.html
402.01,49,5962.735253,partial,0.9333333333333333,done
392.19,31,5967.315271,partial,0.8666666666666667,done
379.63,37,5972.159143,partial,0.8666666666666667,done
234.24,26,5976.147933,partial,0.7333333333333333,done
377.53,47,5981.425685,partial,0.8,done
393.06,44,5987.242386,partial,0.8666666666666667,done
388.68,32,5991.82419,partial,0.8,done
415.59,41,5997.995415,partial,0.9333333333333333,done
399.08,42,6003.523995,partial,0.9333333333333333,done
413.07,43,6009.424716,partial,0.9333333333333333,done
396.03,47,6015.778843,partial,0.8666666666666667,done
379.91,59,6024.35823,partial,0.9333333333333333,done
377.05,45,6029.77465,partial,0.8,done
369.06,44,6034.319565,partial,0.8666666666666667,done
400.64,36,6040.295897,partial,0.9333333333333333,done
395.0,50,6046.973414,partial,0.8666666666666667,done
403.47,53,6052.704629,partial,0.9333333333333333,done
381.62,38,6057.53668,partial,0.8666666666666667,done
381.31,69,6064.576279,partial,0.8666666666666667,done
380.03,47,6070.239112,partial,0.8666666666666667,done
387.19,31,6075.331963,partial,0.8,done
26.69,31,6078.776211,incomplete,0.0,index.html
371.44,56,6084.484292,partial,0.8666666666666667,done
380.1,40,6090.522327,partial,0.8666666666666667,done
387.43,57,6097.144086,partial,0.8666666666666667,done
388.07,43,6103.117226,partial,0.8,done
398.51,49,6109.934855,partial,0.8,done
385.23,27,6113.987483,partial,0.8666666666666667,done
387.11,39,6119.049006,partial,0.8,done
390.54,46,6125.575447,partial,0.8666666666666667,done
410.13,37,6132.075879,partial,0.9333333333333333,done
405.49,51,6137.775038,partial,0.9333333333333333,done
401.62,38,6143.488934,partial,0.8666666666666667,done
409.66,34,6148.100452,partial,0.9333333333333333,done
418.52,48,6154.653109,partial,0.9333333333333333,done
413.5,50,6161.231801,partial,0.9333333333333333,done
385.17,33,6166.104138,partial,0.8,done
389.64,36,6171.303175,partial,0.8666666666666667,done
389.19,31,6176.112754,partial,0.8666666666666667,done
404.1,40,6181.567956,partial,0.9333333333333333,done
412.04,46,6187.814585,partial,0.9333333333333333,done
393.51,49,6194.049533,partial,0.8666666666666667,done
381.15,35,6198.575155,partial,0.8666666666666667,done
390.69,31,6203.599848,partial,0.8,done
66.31,69,6210.291241,incomplete,0.0,questions.html
391.13,37,6217.40432,partial,0.8666666666666667,done
366.52,48,6224.25852,partial,0.8666666666666667,done
379.09,41,6229.03687,partial,0.8,done
244.11,39,6234.450879,partial,0.7333333333333333,done
366.56,44,6241.413864,partial,0.8,done
411.71,29,6246.144627,partial,0.9333333333333333,done
401.14,36,6251.680286,partial,0.8666666666666667,done
389.67,33,6256.642255,partial,0.8,done
409.02,48,6262.227499,partial,0.9333333333333333,done
393.61,39,6267.83284,partial,0.8666666666666667,done
392.1,40,6273.844031,partial,0.8666666666666667,done
411.18,32,6278.944275,partial,0.9333333333333333,done
389.27,23,6282.827353,partial,0.8,done
405.63,37,6288.060185,partial,0.9333333333333333,done
421.44,56,6294.849816,partial,0.9333333333333333,done
391.69,31,6300.231462,partial,0.8,done
383.7,30,6304.492595,partial,0.8,done
227.93,57,6310.258023,partial,0.7333333333333333,done
385.17,33,6314.575299,partial,0.8666666666666667,done
409.5,50,6321.145197,partial,0.9333333333333333,done
378.6,40,6326.202672,partial,0.8666666666666667,done
379.17,33,6330.648915,partial,0.8,done
382.03,47,6335.802151,partial,0.8,done
46.9,60,6340.823552,incomplete,0.0,questions.html
398.96,54,6347.069091,partial,0.9333333333333333,done
410.08,42,6353.178926,partial,0.9333333333333333,done
392.12,38,6358.919859,partial,0.8,done
383.68,32,6363.059505,partial,0.8,done
387.69,31,6367.444576,partial,0.8666666666666667,done
390.19,31,6372.275605,partial,0.8666666666666667,done
406.98,52,6378.489192,partial,0.9333333333333333,done
384.01,49,6384.027165,partial,0.8,done
392.58,42,6389.588554,partial,0.8666666666666667,done
383.57,43,6394.427994,partial,0.8,done
367.95,55,6399.71081,partial,0.8,done
391.12,38,6405.373651,partial,0.8666666666666667,done
399.97,53,6410.757524,partial,0.9333333333333333,done
413.72,28,6415.322462,partial,0.9333333333333333,done
415.1,40,6421.160152,partial,0.9333333333333333,done
28.91,59,6426.289534,incomplete,0.0,questions.html
390.04,46,6432.224815,partial,0.8,done
398.08,42,6439.648249,partial,0.9333333333333333,done
399.13,37,6444.002816,partial,0.9333333333333333,done
384.37,63,6450.462735,partial,0.8666666666666667,done
384.65,35,6455.42636,partial,0.8666666666666667,done
378.58,42,6460.878593,partial,0.8,done
413.56,44,6466.784407,partial,0.9333333333333333,done
384.64,36,6471.541305,partial,0.8666666666666667,done
381.51,49,6476.755398,partial,0.8666666666666667,done
409.55,45,6482.578541,partial,0.9333333333333333,done
378.1,40,6488.116654,partial,0.8666666666666667,done
390.68,32,6493.151049,partial,0.8666666666666667,done
387.59,41,6498.706298,partial,0.8,done
405.03,47,6504.613172,partial,0.9333333333333333,done
391.53,47,6510.94125,partial,0.8666666666666667,done
396.89,61,6517.451713,partial,0.9333333333333333,done
371.98,52,6524.524803,partial,0.8666666666666667,done
380.07,43,6529.150093,partial,0.8666666666666667,done
372.59,41,6533.920419,partial,0.8666666666666667,done
372.6,40,6539.410087,partial,0.8,done
407.09,41,6545.483341,partial,0.9333333333333333,done
402.55,45,6550.635885,partial,0.9333333333333333,done
403.45,55,6557.298585,partial,0.8666666666666667,done
230.65,35,6561.487309,partial,0.7333333333333333,done
237.2,30,6566.318278,partial,0.7333333333333333,done
397.44,56,6572.208808,partial,0.9333333333333333,done
394.92,58,6578.031762,partial,0.9333333333333333,done
400.56,44,6583.157417,partial,0.9333333333333333,done
400.01,49,6588.634578,partial,0.9333333333333333,done
418.06,44,6595.889661,partial,0.9333333333333333,done
411.19,31,6600.736353,partial,0.9333333333333333,done
416.14,36,6606.591259,partial,0.9333333333333333,done
372.0,50,6611.637567,partial,0.8666666666666667,done
383.6,40,6616.349309,partial,0.8666666666666667,done
388.93,57,6622.702504,partial,0.8666666666666667,done
226.07,43,6627.737473,partial,0.7333333333333333,done
380.07,43,6632.550758,partial,0.8666666666666667,done
390.12,38,6637.507291,partial,0.8,done
377.18,32,6642.198832,partial,0.8666666666666667,done
408.68,32,6647.663519,partial,0.9333333333333333,done
369.63,37,6653.898433,partial,0.8666666666666667,done
406.06,44,6659.200001,partial,0.9333333333333333,done
395.65,35,6664.764184,partial,0.8666666666666667,done
406.0,50,6671.234158,partial,0.9333333333333333,done
49.81,69,6677.116919,incomplete,0.0,questions.html
403.1,40,6683.361683,partial,0.8666666666666667,done
397.96,54,6690.509173,partial,0.9333333333333333,done
380.04,46,6695.562059,partial,0.8666666666666667,done
236.65,35,6700.273273,partial,0.7333333333333333,done
389.6,40,6705.802255,partial,0.8666666666666667,done
402.02,48,6711.727236,partial,0.9333333333333333,done
371.97,53,6717.16908,partial,0.8,done
404.6,40,6721.941552,partial,0.9333333333333333,done
390.72,28,6726.566252,partial,0.8666666666666667,done
379.12,38,6732.059318,partial,0.8666666666666667,done
398.55,45,6737.871984,partial,0.9333333333333333,done
391.59,41,6743.336199,partial,0.8666666666666667,done
401.56,44,6748.691969,partial,0.9333333333333333,done
370.44,56,6754.078053,partial,0.8666666666666667,done
357.04,46,6762.620397,partial,0.8666666666666667,done
396.04,46,6768.393696,partial,0.9333333333333333,done
411.12,38,6773.74165,partial,0.9333333333333333,done
390.08,42,6778.809388,partial,0.8666666666666667,done
389.18,32,6783.734506,partial,0.8,done
390.54,46,6790.590359,partial,0.9333333333333333,done
232.06,44,6796.477013,partial,0.7333333333333333,done
401.66,34,6800.797359,partial,0.9333333333333333,done
381.14,36,6805.15731,partial,0.8,done
368.93,57,6810.527788,partial,0.8,done
370.58,42,6815.795991,partial,0.8,done
392.54,46,6822.009382,partial,0.9333333333333333,done
388.67,33,6827.243934,partial,0.8666666666666667,done
410.66,34,6831.879586,partial,0.9333333333333333,done
407.21,29,6836.713609,partial,0.9333333333333333,done
392.09,41,6843.878733,partial,0.9333333333333333,done
387.11,39,6849.465006,partial,0.8666666666666667,done
382.14,36,6855.127787,partial,0.8666666666666667,done
402.1,40,6859.621581,partial,0.9333333333333333,done
423.57,43,6865.627629,partial,0.9333333333333333,done
390.06,44,6871.808696,partial,0.8,done
391.68,32,6876.791557,partial,0.8,done
387.08,42,6882.57669,partial,0.8,done
414.49,51,6888.989152,partial,0.9333333333333333,done
409.66,34,6893.501239,partial,0.9333333333333333,done
380.14,36,6898.872253,partial,0.8666666666666667,done
388.07,43,6904.452884,partial,0.8,done
410.17,33,6909.454576,partial,0.9333333333333333,done
382.59,41,6914.074714,partial,0.8,done
389.69,31,6918.670968,partial,0.8666666666666667,done
396.94,56,6924.778444,partial,0.9333333333333333,done
377.96,54,6931.042811,partial,0.8,done
386.62,38,6936.218809,partial,0.8,done
397.97,53,6942.713312,partial,0.9333333333333333,done
409.57,43,6947.80215,partial,0.9333333333333333,done
385.04,46,6953.239037,partial,0.8666666666666667,done
381.07,43,6958.281846,partial,0.8,done
409.71,29,6962.589495,partial,0.9333333333333333,done
403.57,43,6967.939354,partial,0.9333333333333333,done
390.39,61,6973.565906,partial,0.9333333333333333,done
410.64,36,6978.897656,partial,0.9333333333333333,done
50.33,67,6984.174963,incomplete,0.0,questions.html
363.94,56,6991.222111,partial,0.8666666666666667,done
382.09,41,6995.956968,partial,0.8666666666666667,done
405.12,38,7000.538863,partial,0.9333333333333333,done
411.02,48,7006.470534,partial,0.9333333333333333,done
410.17,33,7011.604136,partial,0.9333333333333333,done
63.3,70,7017.560539,incomplete,0.0,review.html
382.11,39,7022.252862,partial,0.8666666666666667,done
376.65,35,7026.438412,partial,0.8666666666666667,done
412.62,38,7031.953193,partial,0.9333333333333333,done
392.56,44,7038.300046,partial,0.8666666666666667,done
54.41,59,7043.038831,incomplete,0.0,questions.html
388.7,30,7047.417641,partial,0.8,done
405.59,41,7052.798047,partial,0.9333333333333333,done
409.63,37,7058.012814,partial,0.9333333333333333,done
384.63,37,7063.226698,partial,0.8666666666666667,done
411.16,34,7068.260127,partial,0.9333333333333333,done
386.21,29,7072.548671,partial,0.8,done
385.6,40,7077.583573,partial,0.8666666666666667,done
384.64,36,7082.534491,partial,0.8666666666666667,done
400.04,46,7087.790184,partial,0.9333333333333333,done
374.42,58,7094.194631,partial,0.8666666666666667,done
29.96,54,7098.393617,incomplete,0.0,questions.html
405.57,43,7103.22714,partial,0.9333333333333333,done
387.12,38,7108.466659,partial,0.8,done
387.99,51,7116.266496,partial,0.8666666666666667,done
38.35,65,7121.760561,incomplete,0.0,questions.html
388.43,57,7128.135078,partial,0.8666666666666667,done
404.52,48,7133.129989,partial,0.9333333333333333,done
384.14,36,7137.982546,partial,0.8666666666666667,done
383.61,39,7143.050759,partial,0.8666666666666667,done
144.66,34,7147.929228,partial,0.6666666666666666,done
387.66,34,7152.915252,partial,0.8666666666666667,done
381.59,41,7158.678553,partial,0.8,done
412.99,51,7165.200193,partial,0.9333333333333333,done
381.66,34,7169.776669,partial,0.8,done
396.35,65,7177.344097,partial,0.8666666666666667,done
376.98,52,7182.942625,partial,0.8666666666666667,done
383.48,52,7188.500665,partial,0.8666666666666667,done
405.62,38,7193.677281,partial,0.9333333333333333,done
388.2,30,7199.03569,partial,0.8666666666666667,done
409.53,47,7204.779978,partial,0.9333333333333333,done
416.58,42,7210.177844,partial,0.9333333333333333,done
396.58,42,7215.690884,partial,0.9333333333333333,done
238.24,26,7220.145925,partial,0.7333333333333333,done
384.01,49,7225.743084,partial,0.8666666666666667,done
382.09,41,7230.647311,partial,0.8666666666666667,done
385.25,25,7234.586611,partial,0.8,done
410.03,47,7240.372566,partial,0.9333333333333333,done
413.06,44,7246.647666,partial,0.9333333333333333,done
379.62,38,7251.684934,partial,0.8,done
380.59,41,7256.992152,partial,0.8,done
386.2,30,7261.364249,partial,0.8666666666666667,done
373.97,53,7267.045871,partial,0.8,done
403.36,64,7274.605495,partial,0.9333333333333333,done
389.95,55,7280.789456,partial,0.9333333333333333,done
378.55,45,7285.994709,partial,0.8666666666666667,done
386.16,34,7290.440629,partial,0.8,done
409.71,29,7294.580245,partial,0.9333333333333333,done
386.63,37,7299.776766,partial,0.8666666666666667,done
392.17,33,7304.991455,partial,0.8,done
400.07,43,7310.479909,partial,0.9333333333333333,done
385.7,30,7315.230108,partial,0.8666666666666667,done
382.17,33,7319.889359,partial,0.8666666666666667,done
237.13,37,7325.254776,partial,0.7333333333333333,done
391.99,51,7330.759359,partial,0.9333333333333333,done
405.92,58,7337.659191,partial,0.9333333333333333,done
386.18,32,7341.986947,partial,0.8666666666666667,done
369.44,56,7347.420601,partial,0.8666666666666667,done
28.91,59,7352.258559,incomplete,0.0,questions.html
407.01,49,7358.337931,partial,0.9333333333333333,done
413.7,30,7362.967028,partial,0.9333333333333333,done
377.62,38,7367.99286,partial,0.8666666666666667,done
415.68,32,7372.560474,partial,0.9333333333333333,done
21.32,68,7378.827869,incomplete,0.0,questions.html
388.05,45,7384.469337,partial,0.8,done
402.01,49,7389.786129,partial,0.9333333333333333,done
395.36,64,7396.210079,partial,0.9333333333333333,done
412.1,40,7401.45384,partial,0.9333333333333333,done
399.96,54,7407.291067,partial,0.9333333333333333,done
375.56,44,7412.32659,partial,0.8666666666666667,done
392.04,46,7418.539145,partial,0.8666666666666667,done
369.07,43,7423.10121,partial,0.8,done
405.57,43,7427.981954,partial,0.9333333333333333,done
377.59,41,7433.50932,partial,0.8,done
225.66,34,7437.92005,partial,0.7333333333333333,done
381.68,32,7442.980037,partial,0.8666666666666667,done
391.21,29,7447.315798,partial,0.8,done
395.23,27,7451.50471,partial,0.8,done
403.63,37,7456.768428,partial,0.9333333333333333,done
376.07,43,7462.803408,partial,0.8666666666666667,done
379.09,41,7467.732754,partial,0.8666666666666667,done
407.69,31,7472.235218,partial,0.9333333333333333,done
383.08,42,7477.429825,partial,0.8666666666666667,done
226.0,50,7482.959071,partial,0.7333333333333333,done
393.45,55,7489.363523,partial,0.8,done
401.11,39,7495.64987,partial,0.9333333333333333,done
379.04,46,7500.956079,partial,0.8666666666666667,done
376.57,43,7506.657586,partial,0.8666666666666667,done
392.53,47,7514.129808,partial,0.9333333333333333,done
389.16,34,7519.642886,partial,0.8,done
405.62,38,7524.48525,partial,0.9333333333333333,done
231.13,37,7529.832154,partial,0.7333333333333333,done
27.45,55,7534.179317,incomplete,0.0,questions.html
382.13,37,7539.813478,partial,0.8666666666666667,done
371.12,38,7545.999206,partial,0.8,done
410.21,29,7550.770901,partial,0.9333333333333333,done
381.09,41,7556.663881,partial,0.8666666666666667,done
383.64,36,7561.737454,partial,0.8,done
387.67,33,7567.201799,partial,0.8666666666666667,done
377.92,58,7575.375578,partial,0.9333333333333333,done
404.01,49,7582.210258,partial,0.9333333333333333,done
405.07,43,7587.787195,partial,0.9333333333333333,done
375.65,35,7593.558089,partial,0.8666666666666667,done
381.56,44,7600.003648,partial,0.8666666666666667,done
385.1,40,7606.07371,partial,0.8666666666666667,done
404.59,41,7611.239397,partial,0.9333333333333333,done
385.64,36,7616.455666,partial,0.8666666666666667,done
413.67,33,7621.167043,partial,0.9333333333333333,done
367.48,52,7630.316481,partial,0.9333333333333333,done
381.11,39,7636.267503,partial,0.8666666666666667,done
385.57,43,7642.279384,partial,0.8666666666666667,done
375.1,40,7648.015518,partial,0.8,done
382.01,49,7654.630885,partial,0.8666666666666667,done
413.12,38,7661.147632,partial,0.9333333333333333,done
388.11,39,7667.364957,partial,0.8666666666666667,done
383.56,44,7673.396539,partial,0.8666666666666667,done
391.18,32,7678.295568,partial,0.8666666666666667,done
403.58,42,7683.675971,partial,0.9333333333333333,done
393.47,53,7690.292304,partial,0.9333333333333333,done
409.09,41,7696.193228,partial,0.9333333333333333,done
412.58,42,7701.509966,partial,0.9333333333333333,done
410.57,43,7706.748607,partial,0.9333333333333333,done
376.54,46,7711.712521,partial,0.8666666666666667,done
413.6,40,7717.678676,partial,0.9333333333333333,done
243.08,42,7723.582609,partial,0.7333333333333333,done
235.2,30,7727.828729,partial,0.7333333333333333,done
400.56,44,7733.27735,partial,0.9333333333333333,done
401.06,44,7739.445081,partial,0.9333333333333333,done
414.15,35,7744.724504,partial,0.9333333333333333,done
377.17,33,7750.458964,partial,0.8666666666666667,done
389.42,58,7757.387103,partial,0.8666666666666667,done
381.19,31,7761.533925,partial,0.8666666666666667,done
393.74,26,7765.755412,partial,0.8666666666666667,done
402.52,48,7771.677087,partial,0.9333333333333333,done
407.08,42,7777.33493,partial,0.9333333333333333,done
387.71,29,7781.846354,partial,0.8,done
388.11,39,7787.146706,partial,0.8666666666666667,done
413.75,25,7791.337924,partial,0.9333333333333333,done
414.67,33,7796.582136,partial,0.9333333333333333,done
384.37,63,7803.068778,partial,0.9333333333333333,done
412.15,35,7808.130894,partial,0.9333333333333333,done
376.98,52,7813.529364,partial,0.8,done
397.9,60,7819.520487,partial,0.9333333333333333,done
386.62,38,7824.989671,partial,0.8,done
242.63,37,7830.370142,partial,0.7333333333333333,done
374.58,42,7836.119545,partial,0.8,done
390.19,31,7840.62324,partial,0.8666666666666667,done
378.65,35,7845.055978,partial,0.8666666666666667,done
397.59,41,7851.752557,partial,0.9333333333333333,done
392.67,33,7857.526778,partial,0.8,done
413.59,41,7862.786657,partial,0.9333333333333333,done
383.74,26,7866.84573,partial,0.8666666666666667,done
385.39,61,7873.054026,partial,0.8666666666666667,done
376.01,49,7878.667969,partial,0.8666666666666667,done
233.08,42,7883.95458,partial,0.7333333333333333,done
236.19,31,7888.240676,partial,0.7333333333333333,done
405.62,38,7892.984689,partial,0.9333333333333333,done
407.09,41,7898.084824,partial,0.9333333333333333,done
401.5,50,7904.832733,partial,0.8666666666666667,done
403.03,47,7910.461984,partial,0.9333333333333333,done
392.12,38,7916.016267,partial,0.8666666666666667,done
410.07,43,7921.445276,partial,0.9333333333333333,done
405.61,39,7926.317003,partial,0.9333333333333333,done
406.63,37,7932.073256,partial,0.9333333333333333,done
384.21,29,7937.310372,partial,0.8,done
412.52,48,7943.140754,partial,0.9333333333333333,done
383.05,45,7948.053766,partial,0.8666666666666667,done
378.98,52,7953.369349,partial,0.8666666666666667,done
385.57,43,7960.211416,partial,0.8666666666666667,done
376.51,49,7965.798672,partial,0.8666666666666667,done
386.95,55,7971.961885,partial,0.8666666666666667,done
396.58,42,7977.616019,partial,0.8666666666666667,done
414.17,33,7982.512352,partial,0.9333333333333333,done
413.18,32,7988.121072,partial,0.9333333333333333,done
392.06,44,7994.990811,partial,0.9333333333333333,done
406.01,49,8000.908721,partial,0.9333333333333333,done
387.11,39,8005.681254,partial,0.8666666666666667,done
382.66,34,8009.974667,partial,0.8666666666666667,done
415.58,42,8015.698602,partial,0.9333333333333333,done
386.99,51,8021.875258,partial,0.8666666666666667,done
390.06,44,8027.18466,partial,0.8666666666666667,done
384.6,40,8032.32208,partial,0.8,done
34.86,64,8037.319217,incomplete,0.0,questions.html
405.5,50,8043.12281,partial,0.9333333333333333,done
408.51,49,8048.951175,partial,0.9333333333333333,done
384.52,48,8054.995739,partial,0.8666666666666667,done
383.71,29,8059.348182,partial,0.8,done
403.99,51,8065.379599,partial,0.9333333333333333,done
27.8,70,8072.043037,incomplete,0.0,questions.html
409.19,31,8076.935561,partial,0.9333333333333333,done
393.19,31,8082.275214,partial,0.8666666666666667,done
406.09,41,8087.130609,partial,0.9333333333333333,done
403.58,42,8091.991701,partial,0.9333333333333333,done
384.04,46,8097.346721,partial,0.8666666666666667,done
386.92,58,8104.85564,partial,0.9333333333333333,done
407.63,37,8109.721913,partial,0.9333333333333333,done
377.53,47,8115.130588,partial,0.8666666666666667,done
387.16,34,8119.654039,partial,0.8666666666666667,done
401.55,45,8125.741985,partial,0.9333333333333333,done
391.59,41,8131.455882,partial,0.8666666666666667,done
388.23,27,8135.961637,partial,0.8666666666666667,done
401.64,36,8140.878171,partial,0.9333333333333333,done
409.11,39,8145.829,partial,0.9333333333333333,done
378.05,45,8152.158645,partial,0.8666666666666667,done
388.14,36,8157.787618,partial,0.8666666666666667,done
382.58,42,8163.427677,partial,0.8,done
385.13,37,8167.925992,partial,0.8666666666666667,done
399.49,51,8173.168608,partial,0.9333333333333333,done
374.58,42,8179.415441,partial,0.8666666666666667,done
384.07,43,8185.537027,partial,0.8666666666666667,done
72.44,56,8190.246221,incomplete,0.0,review.html
233.21,29,8194.374429,partial,0.7333333333333333,done
388.23,27,8198.473978,partial,0.8,done
412.63,37,8204.070908,partial,0.9333333333333333,done
404.54,46,8210.180282,partial,0.9333333333333333,done
410.08,42,8215.502012,partial,0.9333333333333333,done
388.23,27,8219.859123,partial,0.8,done
391.19,31,8224.569801,partial,0.8666666666666667,done
404.11,39,8230.733892,partial,0.9333333333333333,done
384.62,38,8236.168789,partial,0.8,done
386.12,38,8241.761459,partial,0.8666666666666667,done
385.15,35,8246.177726,partial,0.8666666666666667,done
384.64,36,8250.80499,partial,0.8666666666666667,done
395.32,68,8257.913101,partial,0.9333333333333333,done
407.11,39,8263.357255,partial,0.9333333333333333,done
390.59,41,8268.672032,partial,0.8666666666666667,done
400.48,52,8273.992937,partial,0.9333333333333333,done
407.68,32,8278.672224,partial,0.9333333333333333,done
385.58,42,8284.459548,partial,0.8666666666666667,done
411.61,39,8289.745468,partial,0.9333333333333333,done
413.13,37,8295.046296,partial,0.9333333333333333,done
394.61,39,8300.433468,partial,0.8666666666666667,done
401.03,47,8305.597924,partial,0.9333333333333333,done
387.68,32,8310.7561,partial,0.8,done
388.94,56,8317.196155,partial,0.9333333333333333,done
388.19,31,8322.38146,partial,0.8666666666666667,done
380.17,33,8326.831454,partial,0.8666666666666667,done
407.68,32,8331.368182,partial,0.9333333333333333,done
378.04,46,8336.853888,partial,0.8,done
417.09,41,8343.021857,partial,0.9333333333333333,done
414.69,31,8347.668863,partial,0.9333333333333333,done
403.57,43,8352.708355,partial,0.9333333333333333,done
410.63,37,8357.609016,partial,0.9333333333333333,done
383.57,43,8363.213025,partial,0.8666666666666667,done
390.36,64,8369.773601,partial,0.9333333333333333,done
407.03,47,8375.321637,partial,0.9333333333333333,done
405.64,36,8380.111468,partial,0.9333333333333333,done
407.16,34,8385.281915,partial,0.9333333333333333,done
387.57,43,8391.018838,partial,0.8666666666666667,done
391.11,39,8396.484004,partial,0.8666666666666667,done
405.11,39,8402.62258,partial,0.9333333333333333,done
389.23,27,8406.918781,partial,0.8666666666666667,done
388.56,44,8411.997626,partial,0.8,done
386.44,56,8418.405347,partial,0.8666666666666667,done
53.79,71,8424.807618,incomplete,0.0,questions.html
411.58,42,8430.231014,partial,0.9333333333333333,done
411.5,50,8435.956371,partial,0.9333333333333333,done
401.45,55,8441.510555,partial,0.9333333333333333,done
411.64,36,8447.063135,partial,0.9333333333333333,done
411.61,39,8452.814312,partial,0.9333333333333333,done
387.14,36,8457.98514,partial,0.8666666666666667,done
375.67,33,8463.640697,partial,0.8,done
386.16,34,8468.424823,partial,0.8666666666666667,done
408.1,40,8474.17167,partial,0.9333333333333333,done
403.94,56,8480.744539,partial,0.9333333333333333,done
390.67,33,8485.92779,partial,0.8,done
393.1,40,8490.975388,partial,0.8666666666666667,done
381.09,41,8495.641613,partial,0.8666666666666667,done
394.66,34,8501.105274,partial,0.8666666666666667,done
383.66,34,8506.198076,partial,0.8,done
237.7,30,8510.788317,partial,0.7333333333333333,done
408.69,31,8515.107278,partial,0.9333333333333333,done
403.48,52,8520.829133,partial,0.9333333333333333,done
410.51,49,8526.837026,partial,0.9333333333333333,done
396.09,41,8532.426118,partial,0.8666666666666667,done
391.13,37,8537.948945,partial,0.8,done
409.73,27,8542.374815,partial,0.9333333333333333,done
395.09,41,8548.269694,partial,0.9333333333333333,done
393.21,29,8553.438466,partial,0.8,done
417.15,35,8558.851392,partial,0.9333333333333333,done
390.15,35,8564.452305,partial,0.8666666666666667,done
413.15,35,8569.247331,partial,0.9333333333333333,done
406.63,37,8573.810444,partial,0.9333333333333333,done
386.09,41,8578.907982,partial,0.8666666666666667,done
238.7,30,8583.98331,partial,0.7333333333333333,done
402.59,41,8589.00054,partial,0.9333333333333333,done
239.7,30,8593.812984,partial,0.7333333333333333,done
383.52,48,8599.263607,partial,0.8666666666666667,done
388.12,38,8604.429662,partial,0.8,done
388.19,31,8609.487384,partial,0.8666666666666667,done
408.13,37,8614.618496,partial,0.9333333333333333,done
393.54,46,8620.611507,partial,0.8666666666666667,done
387.06,44,8626.866302,partial,0.8666666666666667,done
415.96,54,8633.932854,partial,0.9333333333333333,done
380.12,38,8639.578032,partial,0.8666666666666667,done
394.05,45,8646.585351,partial,0.9333333333333333,done
398.11,39,8651.911509,partial,0.8666666666666667,done
389.64,36,8656.714088,partial,0.8666666666666667,done
412.61,39,8662.160308,partial,0.9333333333333333,done
408.13,37,8667.959277,partial,0.9333333333333333,done
411.65,35,8672.856704,partial,0.9333333333333333,done
407.62,38,8677.851538,partial,0.9333333333333333,done
40.92,58,8682.602232,incomplete,0.0,questions.html
400.56,44,8688.717556,partial,0.9333333333333333,done
387.7,30,8693.704192,partial,0.8,done
403.04,46,8699.047661,partial,0.9333333333333333,done
380.51,49,8704.578645,partial,0.8666666666666667,done
29.89,61,8709.624704,incomplete,0.0,questions.html
410.13,37,8715.266763,partial,0.9333333333333333,done
409.11,39,8720.911925,partial,0.9333333333333333,done
410.0,50,8727.492726,partial,0.9333333333333333,done
400.06,44,8732.141858,partial,0.9333333333333333,done
387.8,20,8736.022675,partial,0.8,done
411.71,29,8740.874038,partial,0.9333333333333333,done
387.15,35,8746.408051,partial,0.8,done
391.71,29,8750.883051,partial,0.8666666666666667,done
383.44,56,8756.746062,partial,0.8666666666666667,done
394.51,49,8761.836776,partial,0.9333333333333333,done
386.01,49,8767.622709,partial,0.8666666666666667,done
392.75,25,8772.378905,partial,0.8,done
387.07,43,8778.225525,partial,0.8,done
406.58,42,8783.470865,partial,0.9333333333333333,done
401.22,28,8788.918177,partial,0.9333333333333333,done
390.21,29,8793.93639,partial,0.8666666666666667,done
379.96,54,8800.899507,partial,0.8666666666666667,done
385.72,28,8805.702651,partial,0.8,done
416.19,31,8810.472162,partial,0.9333333333333333,done
390.69,31,8814.932351,partial,0.8666666666666667,done
401.49,51,8821.317348,partial,0.9333333333333333,done
413.11,39,8827.079875,partial,0.9333333333333333,done
379.98,52,8833.335743,partial,0.8666666666666667,done
376.62,38,8838.471354,partial,0.8,done
383.63,37,8842.828234,partial,0.8666666666666667,done
408.52,48,8849.293392,partial,0.9333333333333333,done
403.6,40,8854.587816,partial,0.9333333333333333,done
410.22,28,8859.267597,partial,0.9333333333333333,done
386.66,34,8864.047546,partial,0.8,done
391.16,34,8869.436409,partial,0.8666666666666667,done
411.21,29,8874.701766,partial,0.9333333333333333,done
396.13,37,8880.808861,partial,0.9333333333333333,done
389.15,35,8886.468804,partial,0.8666666666666667,done
378.02,48,8891.79312,partial,0.8666666666666667,done
380.62,38,8896.630033,partial,0.8666666666666667,done
409.69,31,8901.584256,partial,0.9333333333333333,done
379.07,43,8907.225195,partial,0.8666666666666667,done
407.58,42,8912.304996,partial,0.9333333333333333,done
382.55,45,8917.968363,partial,0.8666666666666667,done
391.58,42,8923.401341,partial,0.8666666666666667,done
386.59,41,8928.987468,partial,0.8666666666666667,done
407.56,44,8936.029023,partial,0.9333333333333333,done
394.1,40,8942.191102,partial,0.8666666666666667,done
217.05,45,8946.919871,partial,0.7333333333333333,done
397.09,41,8953.374543,partial,0.8,done
389.23,27,8958.765238,partial,0.8666666666666667,done
402.14,36,8964.570561,partial,0.9333333333333333,done
392.64,36,8970.572781,partial,0.8,done
389.2,30,8975.064437,partial,0.8666666666666667,done
412.68,32,8979.835474,partial,0.9333333333333333,done
237.61,39,8985.419809,partial,0.7333333333333333,done
241.72,28,8990.738272,partial,0.7333333333333333,done
380.66,34,8995.529112,partial,0.8,done
383.7,30,9000.000353,partial,0.8666666666666667,done
386.26,24,9004.087716,partial,0.8,done
382.55,45,9010.347738,partial,0.8666666666666667,done
388.48,52,9017.032758,partial,0.9333333333333333,done
390.65,35,9022.794334,partial,0.8666666666666667,done
388.71,29,9027.731309,partial,0.8666666666666667,done
386.22,28,9033.019597,partial,0.8666666666666667,done
389.13,37,9039.098642,partial,0.8666666666666667,done
401.9,60,9046.881857,partial,0.9333333333333333,done
379.84,66,9054.299965,partial,0.8666666666666667,done
383.16,34,9059.15018,partial,0.8666666666666667,done
390.14,36,9064.435057,partial,0.8,done
399.49,51,9071.115686,partial,0.9333333333333333,done
236.66,34,9076.915851,partial,0.7333333333333333,done
381.63,37,9082.109155,partial,0.8,done
387.14,36,9087.158518,partial,0.8666666666666667,done
379.56,44,9092.738582,partial,0.8666666666666667,done
408.67,33,9098.476298,partial,0.9333333333333333,done
412.62,38,9104.510111,partial,0.9333333333333333,done
407.15,35,9109.962176,partial,0.9333333333333333,done
377.52,48,9115.485703,partial,0.8,done
407.14,36,9120.428287,partial,0.9333333333333333,done
380.04,46,9126.443268,partial,0.8,done
390.27,23,9131.041657,partial,0.8,done
373.99,51,9137.141676,partial,0.8666666666666667,done
405.18,32,9141.737362,partial,0.9333333333333333,done
410.71,29,9146.171811,partial,0.9333333333333333,done
398.6,40,9152.119799,partial,0.8666666666666667,done
380.11,39,9157.627682,partial,0.8666666666666667,done
385.64,36,9162.363333,partial,0.8666666666666667,done
392.76,24,9167.074751,partial,0.8666666666666667,done
385.12,38,9171.850284,partial,0.8666666666666667,done
386.56,44,9179.133651,partial,0.9333333333333333,done
379.06,44,9184.923157,partial,0.8666666666666667,done
401.01,49,9190.671933,partial,0.9333333333333333,done
45.42,58,9195.58633,incomplete,0.0,questions.html
401.11,39,9201.17704,partial,0.9333333333333333,done
418.18,32,9206.823494,partial,0.9333333333333333,done
391.11,39,9213.992548,partial,0.9333333333333333,done
412.17,33,9219.248963,partial,0.9333333333333333,done
390.2,30,9223.637433,partial,0.8,done
418.67,33,9228.553133,partial,0.9333333333333333,done
24.34,66,9234.879473,incomplete,0.0,questions.html
407.13,37,9240.489317,partial,0.9333333333333333,done
386.1,40,9245.628665,partial,0.8666666666666667,done
392.74,26,9250.127506,partial,0.8666666666666667,done
396.58,42,9255.627443,partial,0.8666666666666667,done
402.55,45,9261.352318,partial,0.9333333333333333,done
384.66,34,9266.862926,partial,0.8666666666666667,done
381.12,38,9271.986994,partial,0.8666666666666667,done
403.65,35,9276.784581,partial,0.9333333333333333,done
383.58,42,9282.051848,partial,0.8,done
389.15,35,9287.535446,partial,0.8666666666666667,done
396.2,30,9292.769129,partial,0.8666666666666667,done
384.12,38,9298.415213,partial,0.8666666666666667,done
385.02,48,9303.691758,partial,0.8666666666666667,done
384.24,26,9308.024695,partial,0.8,done
394.51,49,9314.607311,partial,0.8,done
411.16,34,9320.45694,partial,0.9333333333333333,done
393.72,28,9325.13973,partial,0.8666666666666667,done
378.6,40,9329.759399,partial,0.8666666666666667,done
390.66,34,9334.50312,partial,0.8666666666666667,done
387.7,30,9339.446731,partial,0.8666666666666667,done
400.53,47,9345.053772,partial,0.9333333333333333,done
233.17,33,9349.9194,partial,0.7333333333333333,done
392.67,33,9354.881452,partial,0.8666666666666667,done
403.05,45,9360.115571,partial,0.9333333333333333,done
382.04,46,9365.9833,partial,0.8666666666666667,done
382.09,41,9371.318321,partial,0.8666666666666667,done
412.06,44,9377.985987,partial,0.9333333333333333,done
404.03,47,9383.231956,partial,0.9333333333333333,done
387.72,28,9387.606943,partial,0.8666666666666667,done
415.67,33,9393.053869,partial,0.9333333333333333,done
414.13,37,9398.664739,partial,0.9333333333333333,done
388.11,39,9403.83799,partial,0.8666666666666667,done
381.62,38,9408.620924,partial,0.8666666666666667,done
374.49,51,9414.02195,partial,0.8666666666666667,done
380.6,40,9419.488185,partial,0.8666666666666667,done
385.62,38,9424.83992,partial,0.8666666666666667,done
400.07,43,9429.991259,partial,0.9333333333333333,done
384.17,33,9434.447393,partial,0.8666666666666667,done
395.92,58,9440.534485,partial,0.9333333333333333,done
